date,family,total_sales,predicted_sales
2017-05-17,AUTOMOTIVE,347.0,316.9749
2017-05-18,AUTOMOTIVE,307.0,319.92615
2017-05-19,AUTOMOTIVE,313.0,315.48932
2017-05-20,AUTOMOTIVE,539.0,404.97894
2017-05-21,AUTOMOTIVE,579.0,424.02814
2017-05-22,AUTOMOTIVE,292.0,318.8533
2017-05-23,AUTOMOTIVE,303.0,249.09651
2017-05-24,AUTOMOTIVE,313.0,324.7315
2017-05-25,AUTOMOTIVE,267.0,295.6571
2017-05-26,AUTOMOTIVE,542.0,289.11835
2017-05-27,AUTOMOTIVE,499.0,450.70908
2017-05-28,AUTOMOTIVE,486.0,451.82022
2017-05-29,AUTOMOTIVE,306.0,317.8005
2017-05-30,AUTOMOTIVE,357.0,320.4065
2017-05-31,AUTOMOTIVE,274.0,367.35077
2017-06-01,AUTOMOTIVE,381.0,324.03
2017-06-02,AUTOMOTIVE,363.0,402.16635
2017-06-03,AUTOMOTIVE,557.0,459.03757
2017-06-04,AUTOMOTIVE,650.0,453.78485
2017-06-05,AUTOMOTIVE,398.0,337.46243
2017-06-06,AUTOMOTIVE,370.0,354.60532
2017-06-07,AUTOMOTIVE,329.0,317.2586
2017-06-08,AUTOMOTIVE,341.0,299.09714
2017-06-09,AUTOMOTIVE,366.0,326.567
2017-06-10,AUTOMOTIVE,510.0,519.2514
2017-06-11,AUTOMOTIVE,544.0,698.122
2017-06-12,AUTOMOTIVE,317.0,407.44415
2017-06-13,AUTOMOTIVE,340.0,378.8269
2017-06-14,AUTOMOTIVE,351.0,382.78375
2017-06-15,AUTOMOTIVE,342.0,400.967
2017-06-16,AUTOMOTIVE,344.0,361.30923
2017-06-17,AUTOMOTIVE,537.0,509.7262
2017-06-18,AUTOMOTIVE,483.0,533.9321
2017-06-19,AUTOMOTIVE,365.0,414.4005
2017-06-20,AUTOMOTIVE,348.0,409.51633
2017-06-21,AUTOMOTIVE,347.0,347.36267
2017-06-22,AUTOMOTIVE,311.0,415.48462
2017-06-23,AUTOMOTIVE,339.0,372.4356
2017-06-24,AUTOMOTIVE,493.0,515.60657
2017-06-25,AUTOMOTIVE,581.0,509.65952
2017-06-26,AUTOMOTIVE,362.0,335.38205
2017-06-27,AUTOMOTIVE,306.0,404.5208
2017-06-28,AUTOMOTIVE,315.0,403.18085
2017-06-29,AUTOMOTIVE,324.0,315.25543
2017-06-30,AUTOMOTIVE,342.0,348.44485
2017-07-01,AUTOMOTIVE,618.0,636.03455
2017-07-02,AUTOMOTIVE,545.0,434.5374
2017-07-03,AUTOMOTIVE,409.0,480.44424
2017-07-04,AUTOMOTIVE,393.0,377.11404
2017-07-05,AUTOMOTIVE,317.0,385.5209
2017-07-06,AUTOMOTIVE,317.0,317.6505
2017-07-07,AUTOMOTIVE,308.0,311.59064
2017-07-08,AUTOMOTIVE,517.0,412.31848
2017-07-09,AUTOMOTIVE,534.0,400.21494
2017-07-10,AUTOMOTIVE,321.0,317.32614
2017-07-11,AUTOMOTIVE,302.0,305.78885
2017-07-12,AUTOMOTIVE,286.0,294.15198
2017-07-13,AUTOMOTIVE,331.0,228.7512
2017-07-14,AUTOMOTIVE,325.0,299.11768
2017-07-15,AUTOMOTIVE,460.0,431.76776
2017-07-16,AUTOMOTIVE,533.0,410.775
2017-07-17,AUTOMOTIVE,334.0,316.67062
2017-07-18,AUTOMOTIVE,301.0,292.16278
2017-07-19,AUTOMOTIVE,310.0,307.1722
2017-07-20,AUTOMOTIVE,325.0,298.72736
2017-07-21,AUTOMOTIVE,353.0,319.21112
2017-07-22,AUTOMOTIVE,493.0,390.55746
2017-07-23,AUTOMOTIVE,489.0,409.14407
2017-07-24,AUTOMOTIVE,347.0,396.3003
2017-07-25,AUTOMOTIVE,319.0,386.84732
2017-07-26,AUTOMOTIVE,296.0,311.96228
2017-07-27,AUTOMOTIVE,339.0,297.079
2017-07-28,AUTOMOTIVE,344.0,314.78098
2017-07-29,AUTOMOTIVE,541.0,391.66672
2017-07-30,AUTOMOTIVE,529.0,428.59366
2017-07-31,AUTOMOTIVE,361.0,371.5377
2017-08-01,AUTOMOTIVE,454.0,516.04865
2017-08-02,AUTOMOTIVE,420.0,400.76038
2017-08-03,AUTOMOTIVE,368.0,361.9609
2017-08-04,AUTOMOTIVE,419.0,351.06375
2017-08-05,AUTOMOTIVE,513.0,433.69815
2017-08-06,AUTOMOTIVE,583.0,374.89877
2017-08-07,AUTOMOTIVE,355.0,331.87372
2017-08-08,AUTOMOTIVE,327.0,316.6014
2017-08-09,AUTOMOTIVE,314.0,319.12946
2017-08-10,AUTOMOTIVE,313.0,304.70026
2017-08-11,AUTOMOTIVE,441.0,343.59378
2017-08-12,AUTOMOTIVE,403.0,370.86267
2017-08-13,AUTOMOTIVE,481.0,351.43082
2017-08-14,AUTOMOTIVE,292.0,222.70192
2017-08-15,AUTOMOTIVE,337.0,248.37656
2017-05-17,BABY CARE,8.0,5.2399607
2017-05-18,BABY CARE,3.0,-12.269788
2017-05-19,BABY CARE,10.0,-4.1042395
2017-05-20,BABY CARE,16.0,44.643482
2017-05-21,BABY CARE,21.0,50.55767
2017-05-22,BABY CARE,6.0,-28.85387
2017-05-23,BABY CARE,8.0,-20.044344
2017-05-24,BABY CARE,9.0,4.386276
2017-05-25,BABY CARE,2.0,-23.05422
2017-05-26,BABY CARE,15.0,0.284339
2017-05-27,BABY CARE,7.0,36.875633
2017-05-28,BABY CARE,14.0,30.075104
2017-05-29,BABY CARE,8.0,-23.623259
2017-05-30,BABY CARE,4.0,7.233518
2017-05-31,BABY CARE,6.0,23.335598
2017-06-01,BABY CARE,6.0,8.021769
2017-06-02,BABY CARE,18.0,17.673712
2017-06-03,BABY CARE,11.0,67.21272
2017-06-04,BABY CARE,12.0,56.01014
2017-06-05,BABY CARE,10.0,-8.777499
2017-06-06,BABY CARE,6.0,3.856305
2017-06-07,BABY CARE,14.0,-4.265091
2017-06-08,BABY CARE,5.0,-31.46943
2017-06-09,BABY CARE,10.0,-20.432178
2017-06-10,BABY CARE,16.0,26.105268
2017-06-11,BABY CARE,12.0,27.360262
2017-06-12,BABY CARE,13.0,-41.279667
2017-06-13,BABY CARE,10.0,-30.454891
2017-06-14,BABY CARE,2.0,-12.028736
2017-06-15,BABY CARE,8.0,-25.186031
2017-06-16,BABY CARE,6.0,20.071077
2017-06-17,BABY CARE,7.0,38.97668
2017-06-18,BABY CARE,12.0,8.922355
2017-06-19,BABY CARE,9.0,-24.02778
2017-06-20,BABY CARE,9.0,-9.45803
2017-06-21,BABY CARE,12.0,4.120801
2017-06-22,BABY CARE,5.0,-9.72239
2017-06-23,BABY CARE,15.0,22.035236
2017-06-24,BABY CARE,11.0,46.7989
2017-06-25,BABY CARE,9.0,18.35424
2017-06-26,BABY CARE,7.0,-26.587505
2017-06-27,BABY CARE,3.0,-15.080718
2017-06-28,BABY CARE,10.0,0.16947746
2017-06-29,BABY CARE,10.0,-6.985651
2017-06-30,BABY CARE,17.0,19.537422
2017-07-01,BABY CARE,22.0,88.96959
2017-07-02,BABY CARE,18.0,-21.100548
2017-07-03,BABY CARE,8.0,80.718475
2017-07-04,BABY CARE,16.0,3.002516
2017-07-05,BABY CARE,6.0,29.926878
2017-07-06,BABY CARE,14.0,-2.076348
2017-07-07,BABY CARE,9.0,-13.16094
2017-07-08,BABY CARE,13.0,24.54067
2017-07-09,BABY CARE,6.0,-5.5466585
2017-07-10,BABY CARE,9.0,-43.573055
2017-07-11,BABY CARE,12.0,-19.2933
2017-07-12,BABY CARE,25.0,-12.51174
2017-07-13,BABY CARE,8.0,-30.742096
2017-07-14,BABY CARE,8.0,-16.553902
2017-07-15,BABY CARE,19.0,4.7480145
2017-07-16,BABY CARE,13.0,12.828723
2017-07-17,BABY CARE,8.0,-23.561775
2017-07-18,BABY CARE,10.0,-14.079852
2017-07-19,BABY CARE,11.0,3.8632975
2017-07-20,BABY CARE,3.0,-7.9363637
2017-07-21,BABY CARE,2.0,-0.4089498
2017-07-22,BABY CARE,9.0,8.428204
2017-07-23,BABY CARE,9.0,8.670085
2017-07-24,BABY CARE,8.0,58.188065
2017-07-25,BABY CARE,12.0,68.981514
2017-07-26,BABY CARE,9.0,6.8841333
2017-07-27,BABY CARE,13.0,-12.349605
2017-07-28,BABY CARE,9.0,2.605444
2017-07-29,BABY CARE,11.0,13.108118
2017-07-30,BABY CARE,14.0,14.19586
2017-07-31,BABY CARE,17.0,20.401293
2017-08-01,BABY CARE,12.0,33.92022
2017-08-02,BABY CARE,15.0,35.501896
2017-08-03,BABY CARE,6.0,9.540415
2017-08-04,BABY CARE,14.0,9.70745
2017-08-05,BABY CARE,10.0,8.682439
2017-08-06,BABY CARE,16.0,-38.661854
2017-08-07,BABY CARE,14.0,-27.198101
2017-08-08,BABY CARE,5.0,-30.643284
2017-08-09,BABY CARE,10.0,-13.988047
2017-08-10,BABY CARE,5.0,-25.420975
2017-08-11,BABY CARE,7.0,-13.768216
2017-08-12,BABY CARE,3.0,-44.7612
2017-08-13,BABY CARE,9.0,-73.89898
2017-08-14,BABY CARE,9.0,-105.84348
2017-08-15,BABY CARE,8.0,-4.5175905
2017-05-17,BEAUTY,316.0,414.68408
2017-05-18,BEAUTY,283.0,412.4304
2017-05-19,BEAUTY,291.0,349.3818
2017-05-20,BEAUTY,531.0,542.1146
2017-05-21,BEAUTY,645.0,604.44604
2017-05-22,BEAUTY,319.0,443.0447
2017-05-23,BEAUTY,256.0,448.3252
2017-05-24,BEAUTY,278.0,669.9961
2017-05-25,BEAUTY,243.0,389.1984
2017-05-26,BEAUTY,440.0,738.496
2017-05-27,BEAUTY,367.0,548.8806
2017-05-28,BEAUTY,429.0,650.2867
2017-05-29,BEAUTY,220.0,463.0839
2017-05-30,BEAUTY,257.0,357.07297
2017-05-31,BEAUTY,307.0,429.50052
2017-06-01,BEAUTY,280.0,829.91656
2017-06-02,BEAUTY,267.0,649.6606
2017-06-03,BEAUTY,411.0,505.26147
2017-06-04,BEAUTY,626.0,596.6487
2017-06-05,BEAUTY,260.0,458.0228
2017-06-06,BEAUTY,254.0,381.5282
2017-06-07,BEAUTY,245.0,428.3533
2017-06-08,BEAUTY,173.0,361.54605
2017-06-09,BEAUTY,187.0,360.6472
2017-06-10,BEAUTY,296.0,438.5906
2017-06-11,BEAUTY,424.0,639.5652
2017-06-12,BEAUTY,212.0,361.06842
2017-06-13,BEAUTY,191.0,334.37448
2017-06-14,BEAUTY,235.0,241.22488
2017-06-15,BEAUTY,198.0,327.51102
2017-06-16,BEAUTY,274.0,407.40305
2017-06-17,BEAUTY,435.0,567.0536
2017-06-18,BEAUTY,408.0,654.5822
2017-06-19,BEAUTY,270.0,432.5117
2017-06-20,BEAUTY,293.0,417.76047
2017-06-21,BEAUTY,279.0,384.32263
2017-06-22,BEAUTY,197.0,374.3376
2017-06-23,BEAUTY,213.0,503.1598
2017-06-24,BEAUTY,371.0,495.28503
2017-06-25,BEAUTY,502.0,675.073
2017-06-26,BEAUTY,314.0,428.56326
2017-06-27,BEAUTY,248.0,411.25705
2017-06-28,BEAUTY,246.0,377.17722
2017-06-29,BEAUTY,220.0,360.3922
2017-06-30,BEAUTY,271.0,313.92087
2017-07-01,BEAUTY,536.0,1191.526
2017-07-02,BEAUTY,634.0,697.9592
2017-07-03,BEAUTY,417.0,637.2433
2017-07-04,BEAUTY,348.0,426.62897
2017-07-05,BEAUTY,293.0,502.8246
2017-07-06,BEAUTY,234.0,349.40936
2017-07-07,BEAUTY,194.0,359.20502
2017-07-08,BEAUTY,360.0,480.99423
2017-07-09,BEAUTY,416.0,635.85895
2017-07-10,BEAUTY,285.0,402.55554
2017-07-11,BEAUTY,234.0,300.13977
2017-07-12,BEAUTY,205.0,217.70749
2017-07-13,BEAUTY,191.0,154.22176
2017-07-14,BEAUTY,223.0,177.41785
2017-07-15,BEAUTY,370.0,361.44424
2017-07-16,BEAUTY,415.0,461.5818
2017-07-17,BEAUTY,278.0,369.19806
2017-07-18,BEAUTY,229.0,279.47632
2017-07-19,BEAUTY,239.0,206.10948
2017-07-20,BEAUTY,212.0,287.3946
2017-07-21,BEAUTY,201.0,194.76909
2017-07-22,BEAUTY,319.0,370.63138
2017-07-23,BEAUTY,447.0,421.77344
2017-07-24,BEAUTY,292.0,476.01627
2017-07-25,BEAUTY,253.0,263.7821
2017-07-26,BEAUTY,245.0,306.34875
2017-07-27,BEAUTY,215.0,186.78854
2017-07-28,BEAUTY,221.0,188.55101
2017-07-29,BEAUTY,388.0,263.82318
2017-07-30,BEAUTY,453.0,357.32956
2017-07-31,BEAUTY,276.0,331.1927
2017-08-01,BEAUTY,324.0,327.97217
2017-08-02,BEAUTY,335.0,647.9232
2017-08-03,BEAUTY,307.0,415.66507
2017-08-04,BEAUTY,329.0,424.82712
2017-08-05,BEAUTY,530.0,574.05084
2017-08-06,BEAUTY,558.0,408.88724
2017-08-07,BEAUTY,317.0,434.40268
2017-08-08,BEAUTY,328.0,393.16348
2017-08-09,BEAUTY,315.0,415.95187
2017-08-10,BEAUTY,309.0,498.04144
2017-08-11,BEAUTY,351.0,544.9516
2017-08-12,BEAUTY,369.0,432.74585
2017-08-13,BEAUTY,433.0,310.31882
2017-08-14,BEAUTY,337.0,285.2081
2017-08-15,BEAUTY,339.0,498.2246
2017-05-17,BEVERAGES,165675.0,162058.27
2017-05-18,BEVERAGES,133381.0,146617.23
2017-05-19,BEVERAGES,161718.0,148261.7
2017-05-20,BEVERAGES,227900.0,225161.67
2017-05-21,BEVERAGES,280849.0,250382.47
2017-05-22,BEVERAGES,169143.0,174708.23
2017-05-23,BEVERAGES,151437.0,150398.64
2017-05-24,BEVERAGES,153706.0,157669.83
2017-05-25,BEVERAGES,136779.0,132673.16
2017-05-26,BEVERAGES,212870.0,172438.73
2017-05-27,BEVERAGES,212127.0,234245.7
2017-05-28,BEVERAGES,254132.0,244535.27
2017-05-29,BEVERAGES,171962.0,168385.89
2017-05-30,BEVERAGES,158403.0,158162.89
2017-05-31,BEVERAGES,174304.0,183583.5
2017-06-01,BEVERAGES,166771.0,158058.62
2017-06-02,BEVERAGES,204402.0,192388.45
2017-06-03,BEVERAGES,278488.0,261932.34
2017-06-04,BEVERAGES,339352.0,287653.84
2017-06-05,BEVERAGES,214773.0,175087.77
2017-06-06,BEVERAGES,184706.0,167033.23
2017-06-07,BEVERAGES,181931.0,163168.77
2017-06-08,BEVERAGES,152212.0,147994.86
2017-06-09,BEVERAGES,178063.0,172119.2
2017-06-10,BEVERAGES,242234.0,227525.27
2017-06-11,BEVERAGES,311184.0,250783.78
2017-06-12,BEVERAGES,176821.0,177894.58
2017-06-13,BEVERAGES,158624.0,165443.6
2017-06-14,BEVERAGES,158633.0,161597.97
2017-06-15,BEVERAGES,142765.0,140487.95
2017-06-16,BEVERAGES,181072.0,172609.31
2017-06-17,BEVERAGES,250214.0,252434.14
2017-06-18,BEVERAGES,245520.0,261040.27
2017-06-19,BEVERAGES,179095.0,177563.52
2017-06-20,BEVERAGES,173553.0,163137.36
2017-06-21,BEVERAGES,154251.0,167858.19
2017-06-22,BEVERAGES,125467.0,142934.02
2017-06-23,BEVERAGES,160086.0,172060.75
2017-06-24,BEVERAGES,218486.0,230293.66
2017-06-25,BEVERAGES,263497.0,249324.31
2017-06-26,BEVERAGES,166889.0,174028.28
2017-06-27,BEVERAGES,140339.0,151967.14
2017-06-28,BEVERAGES,143776.0,146012.78
2017-06-29,BEVERAGES,136268.0,130640.94
2017-06-30,BEVERAGES,170346.0,160350.31
2017-07-01,BEVERAGES,271027.0,289211.56
2017-07-02,BEVERAGES,297619.0,292102.7
2017-07-03,BEVERAGES,199766.0,226296.25
2017-07-04,BEVERAGES,173857.0,182948.1
2017-07-05,BEVERAGES,170074.0,167951.67
2017-07-06,BEVERAGES,150965.0,147499.56
2017-07-07,BEVERAGES,178964.0,157585.47
2017-07-08,BEVERAGES,232222.0,223209.12
2017-07-09,BEVERAGES,262375.0,240061.64
2017-07-10,BEVERAGES,179826.0,177843.88
2017-07-11,BEVERAGES,162466.0,160286.62
2017-07-12,BEVERAGES,158262.0,156492.52
2017-07-13,BEVERAGES,149968.0,137683.62
2017-07-14,BEVERAGES,181719.0,168584.4
2017-07-15,BEVERAGES,246513.0,239223.11
2017-07-16,BEVERAGES,283097.0,260279.11
2017-07-17,BEVERAGES,193199.0,184454.28
2017-07-18,BEVERAGES,170182.0,175475.03
2017-07-19,BEVERAGES,163361.0,159037.11
2017-07-20,BEVERAGES,163747.0,149255.39
2017-07-21,BEVERAGES,183117.0,177071.73
2017-07-22,BEVERAGES,229380.0,236390.22
2017-07-23,BEVERAGES,245466.0,239312.66
2017-07-24,BEVERAGES,188077.0,175356.23
2017-07-25,BEVERAGES,160403.0,173812.64
2017-07-26,BEVERAGES,156176.0,153451.23
2017-07-27,BEVERAGES,141686.0,140533.81
2017-07-28,BEVERAGES,191922.0,168806.75
2017-07-29,BEVERAGES,249085.0,249148.42
2017-07-30,BEVERAGES,274030.0,263522.28
2017-07-31,BEVERAGES,195504.0,212287.25
2017-08-01,BEVERAGES,215546.0,209238.88
2017-08-02,BEVERAGES,204566.0,195429.3
2017-08-03,BEVERAGES,156806.0,177363.31
2017-08-04,BEVERAGES,187818.0,182446.89
2017-08-05,BEVERAGES,225481.0,250538.7
2017-08-06,BEVERAGES,250784.0,256150.6
2017-08-07,BEVERAGES,179419.0,182895.64
2017-08-08,BEVERAGES,160636.0,166032.56
2017-08-09,BEVERAGES,153010.0,160751.77
2017-08-10,BEVERAGES,156449.0,146439.84
2017-08-11,BEVERAGES,189111.0,189055.64
2017-08-12,BEVERAGES,182318.0,222576.78
2017-08-13,BEVERAGES,202354.0,229351.19
2017-08-14,BEVERAGES,174832.0,178657.16
2017-08-15,BEVERAGES,170773.0,175408.03
2017-05-17,BOOKS,3.0,3.7727232
2017-05-18,BOOKS,8.0,-11.474944
2017-05-19,BOOKS,2.0,-0.15575728
2017-05-20,BOOKS,3.0,39.136562
2017-05-21,BOOKS,4.0,40.426693
2017-05-22,BOOKS,8.0,-32.221676
2017-05-23,BOOKS,3.0,-20.91238
2017-05-24,BOOKS,5.0,2.2466488
2017-05-25,BOOKS,1.0,-22.259377
2017-05-26,BOOKS,2.0,-1.182895
2017-05-27,BOOKS,2.0,23.586615
2017-05-28,BOOKS,2.0,25.586926
2017-05-29,BOOKS,2.0,-25.523829
2017-05-30,BOOKS,2.0,3.5534635
2017-05-31,BOOKS,1.0,20.327938
2017-06-01,BOOKS,3.0,8.021769
2017-06-02,BOOKS,2.0,16.211216
2017-06-03,BOOKS,2.0,53.370243
2017-06-04,BOOKS,2.0,43.858467
2017-06-05,BOOKS,1.0,-12.370137
2017-06-06,BOOKS,2.0,1.4186547
2017-06-07,BOOKS,2.0,-4.265091
2017-06-08,BOOKS,1.0,-34.199696
2017-06-09,BOOKS,5.0,-21.894672
2017-06-10,BOOKS,0.0,21.928476
2017-06-11,BOOKS,3.0,17.229288
2017-06-12,BOOKS,3.0,-43.107048
2017-06-13,BOOKS,3.0,-32.47014
2017-06-14,BOOKS,5.0,-14.216585
2017-06-15,BOOKS,5.0,-25.186031
2017-06-16,BOOKS,4.0,14.577431
2017-06-17,BOOKS,3.0,32.719784
2017-06-18,BOOKS,1.0,2.8937654
2017-06-19,BOOKS,0.0,-28.862818
2017-06-20,BOOKS,0.0,-13.138082
2017-06-21,BOOKS,0.0,1.9079823
2017-06-22,BOOKS,1.0,-14.745303
2017-06-23,BOOKS,1.0,19.032316
2017-06-24,BOOKS,4.0,33.436695
2017-06-25,BOOKS,2.0,6.678108
2017-06-26,BOOKS,1.0,-28.727129
2017-06-27,BOOKS,1.0,-16.547956
2017-06-28,BOOKS,0.0,-1.2977562
2017-06-29,BOOKS,1.0,-7.658043
2017-06-30,BOOKS,2.0,14.121705
2017-07-01,BOOKS,6.0,72.98528
2017-07-02,BOOKS,4.0,-30.231293
2017-07-03,BOOKS,1.0,77.12585
2017-07-04,BOOKS,0.0,0.56486535
2017-07-05,BOOKS,1.0,23.282183
2017-07-06,BOOKS,1.0,-2.076348
2017-07-07,BOOKS,1.0,-13.164006
2017-07-08,BOOKS,3.0,18.441545
2017-07-09,BOOKS,0.0,-15.677635
2017-07-10,BOOKS,1.0,-43.573055
2017-07-11,BOOKS,1.0,-19.96569
2017-07-12,BOOKS,0.0,-16.042452
2017-07-13,BOOKS,0.0,-32.757347
2017-07-14,BOOKS,5.0,-20.502384
2017-07-15,BOOKS,1.0,-0.896013
2017-07-16,BOOKS,0.0,1.1573238
2017-07-17,BOOKS,2.0,-28.396812
2017-07-18,BOOKS,5.0,-17.759907
2017-07-19,BOOKS,1.0,-1.3322113
2017-07-20,BOOKS,0.0,-12.959279
2017-07-21,BOOKS,2.0,-3.4166112
2017-07-22,BOOKS,4.0,3.7297425
2017-07-23,BOOKS,1.0,1.6180029
2017-07-24,BOOKS,1.0,54.50801
2017-07-25,BOOKS,1.0,65.30147
2017-07-26,BOOKS,0.0,0.34575948
2017-07-27,BOOKS,2.0,-13.021995
2017-07-28,BOOKS,0.0,-6.2611504
2017-07-29,BOOKS,0.0,2.902738
2017-07-30,BOOKS,1.0,2.5976558
2017-07-31,BOOKS,1.0,17.106682
2017-08-01,BOOKS,0.0,30.139708
2017-08-02,BOOKS,2.0,28.857195
2017-08-03,BOOKS,0.0,5.759906
2017-08-04,BOOKS,1.0,8.244958
2017-08-05,BOOKS,0.0,-5.1600356
2017-08-06,BOOKS,1.0,-46.18947
2017-08-07,BOOKS,0.0,-30.790737
2017-08-08,BOOKS,1.0,-33.373547
2017-08-09,BOOKS,2.0,-15.503509
2017-08-10,BOOKS,0.0,-26.093365
2017-08-11,BOOKS,0.0,-15.230713
2017-08-12,BOOKS,0.0,-49.472927
2017-08-13,BOOKS,1.0,-73.89898
2017-08-14,BOOKS,0.0,-106.51587
2017-08-15,BOOKS,0.0,-5.189981
2017-05-17,BREAD/BAKERY,28390.97,27156.518
2017-05-18,BREAD/BAKERY,23206.9,24277.791
2017-05-19,BREAD/BAKERY,27250.54,25455.223
2017-05-20,BREAD/BAKERY,34673.56,34074.07
2017-05-21,BREAD/BAKERY,43966.88,38296.613
2017-05-22,BREAD/BAKERY,28491.53,29734.553
2017-05-23,BREAD/BAKERY,25610.24,26200.617
2017-05-24,BREAD/BAKERY,25838.39,27134.137
2017-05-25,BREAD/BAKERY,22609.16,22829.73
2017-05-26,BREAD/BAKERY,32348.56,28006.43
2017-05-27,BREAD/BAKERY,32096.59,35734.293
2017-05-28,BREAD/BAKERY,39801.24,35703.695
2017-05-29,BREAD/BAKERY,29523.63,30552.033
2017-05-30,BREAD/BAKERY,26738.84,27388.027
2017-05-31,BREAD/BAKERY,30575.11,29901.41
2017-06-01,BREAD/BAKERY,26412.13,28992.93
2017-06-02,BREAD/BAKERY,28757.23,29606.326
2017-06-03,BREAD/BAKERY,37014.73,35902.285
2017-06-04,BREAD/BAKERY,46445.72,44211.664
2017-06-05,BREAD/BAKERY,30361.76,31328.455
2017-06-06,BREAD/BAKERY,26507.89,26443.021
2017-06-07,BREAD/BAKERY,27771.13,26771.941
2017-06-08,BREAD/BAKERY,23135.56,23235.38
2017-06-09,BREAD/BAKERY,26476.35,27562.488
2017-06-10,BREAD/BAKERY,32908.38,33416.277
2017-06-11,BREAD/BAKERY,43157.82,40453.33
2017-06-12,BREAD/BAKERY,28125.9,28586.994
2017-06-13,BREAD/BAKERY,25406.71,25280.953
2017-06-14,BREAD/BAKERY,27323.99,26465.354
2017-06-15,BREAD/BAKERY,24072.6,23416.934
2017-06-16,BREAD/BAKERY,27130.63,26887.941
2017-06-17,BREAD/BAKERY,36456.29,33004.035
2017-06-18,BREAD/BAKERY,36064.37,41544.69
2017-06-19,BREAD/BAKERY,30510.19,28099.045
2017-06-20,BREAD/BAKERY,29337.32,26731.623
2017-06-21,BREAD/BAKERY,27474.74,27354.059
2017-06-22,BREAD/BAKERY,23410.37,23420.115
2017-06-23,BREAD/BAKERY,27454.67,27718.66
2017-06-24,BREAD/BAKERY,34144.43,33330.13
2017-06-25,BREAD/BAKERY,41699.53,40654.83
2017-06-26,BREAD/BAKERY,28669.23,28354.904
2017-06-27,BREAD/BAKERY,25639.15,25602.049
2017-06-28,BREAD/BAKERY,26531.13,26346.25
2017-06-29,BREAD/BAKERY,24142.72,23791.598
2017-06-30,BREAD/BAKERY,27596.81,26659.996
2017-07-01,BREAD/BAKERY,38304.19,38784.055
2017-07-02,BREAD/BAKERY,44839.82,44156.566
2017-07-03,BREAD/BAKERY,32696.45,34379.312
2017-07-04,BREAD/BAKERY,28806.23,28746.277
2017-07-05,BREAD/BAKERY,28769.53,27492.83
2017-07-06,BREAD/BAKERY,24758.22,23974.518
2017-07-07,BREAD/BAKERY,28049.35,26913.191
2017-07-08,BREAD/BAKERY,32995.17,33393.6
2017-07-09,BREAD/BAKERY,40633.67,39884.45
2017-07-10,BREAD/BAKERY,29713.91,28736.387
2017-07-11,BREAD/BAKERY,26240.07,26381.291
2017-07-12,BREAD/BAKERY,26799.83,26462.574
2017-07-13,BREAD/BAKERY,23350.8,23440.986
2017-07-14,BREAD/BAKERY,26526.84,25758.812
2017-07-15,BREAD/BAKERY,31755.77,32364.193
2017-07-16,BREAD/BAKERY,39647.69,39493.16
2017-07-17,BREAD/BAKERY,29796.48,29586.893
2017-07-18,BREAD/BAKERY,25286.88,27426.535
2017-07-19,BREAD/BAKERY,25960.32,26320.469
2017-07-20,BREAD/BAKERY,23985.17,23841.33
2017-07-21,BREAD/BAKERY,25576.61,26419.387
2017-07-22,BREAD/BAKERY,30155.58,32179.14
2017-07-23,BREAD/BAKERY,35511.58,40225.375
2017-07-24,BREAD/BAKERY,29497.73,28944.902
2017-07-25,BREAD/BAKERY,25603.81,27203.945
2017-07-26,BREAD/BAKERY,25293.67,25570.568
2017-07-27,BREAD/BAKERY,22202.84,23507.47
2017-07-28,BREAD/BAKERY,26636.32,24869.824
2017-07-29,BREAD/BAKERY,32232.37,30752.941
2017-07-30,BREAD/BAKERY,37865.19,39482.09
2017-07-31,BREAD/BAKERY,30381.75,32342.305
2017-08-01,BREAD/BAKERY,31075.71,31725.887
2017-08-02,BREAD/BAKERY,29808.42,29062.094
2017-08-03,BREAD/BAKERY,24495.85,26664.34
2017-08-04,BREAD/BAKERY,28771.15,26631.424
2017-08-05,BREAD/BAKERY,32727.44,34223.82
2017-08-06,BREAD/BAKERY,38117.97,39798.914
2017-08-07,BREAD/BAKERY,29332.11,29274.25
2017-08-08,BREAD/BAKERY,26226.5,26725.11
2017-08-09,BREAD/BAKERY,25880.24,26293.89
2017-08-10,BREAD/BAKERY,23947.05,23433.219
2017-08-11,BREAD/BAKERY,28204.51,27372.25
2017-08-12,BREAD/BAKERY,27403.57,31190.666
2017-08-13,BREAD/BAKERY,33262.78,33183.62
2017-08-14,BREAD/BAKERY,28002.49,27961.836
2017-08-15,BREAD/BAKERY,29158.2,27313.709
2017-05-17,CELEBRATION,539.0,648.1629
2017-05-18,CELEBRATION,891.0,692.6884
2017-05-19,CELEBRATION,818.0,834.0955
2017-05-20,CELEBRATION,972.0,983.9699
2017-05-21,CELEBRATION,699.0,848.40924
2017-05-22,CELEBRATION,592.0,465.1127
2017-05-23,CELEBRATION,556.0,541.27216
2017-05-24,CELEBRATION,614.0,624.48456
2017-05-25,CELEBRATION,717.0,693.2762
2017-05-26,CELEBRATION,868.0,762.1931
2017-05-27,CELEBRATION,1021.0,921.7953
2017-05-28,CELEBRATION,655.0,832.14105
2017-05-29,CELEBRATION,517.0,479.39517
2017-05-30,CELEBRATION,495.0,504.5766
2017-05-31,CELEBRATION,776.0,540.86945
2017-06-01,CELEBRATION,757.0,930.5296
2017-06-02,CELEBRATION,921.0,747.4743
2017-06-03,CELEBRATION,1093.0,959.3468
2017-06-04,CELEBRATION,743.0,866.7599
2017-06-05,CELEBRATION,532.0,480.0205
2017-06-06,CELEBRATION,618.0,496.57547
2017-06-07,CELEBRATION,764.0,701.63855
2017-06-08,CELEBRATION,708.0,670.81903
2017-06-09,CELEBRATION,870.0,749.7874
2017-06-10,CELEBRATION,1120.0,993.01917
2017-06-11,CELEBRATION,725.0,838.0526
2017-06-12,CELEBRATION,470.0,451.21988
2017-06-13,CELEBRATION,573.0,475.153
2017-06-14,CELEBRATION,661.0,689.9218
2017-06-15,CELEBRATION,878.0,678.9042
2017-06-16,CELEBRATION,917.0,822.5142
2017-06-17,CELEBRATION,1180.0,1023.1171
2017-06-18,CELEBRATION,661.0,856.7277
2017-06-19,CELEBRATION,509.0,463.08963
2017-06-20,CELEBRATION,567.0,549.7189
2017-06-21,CELEBRATION,546.0,712.1681
2017-06-22,CELEBRATION,675.0,703.84314
2017-06-23,CELEBRATION,939.0,806.8073
2017-06-24,CELEBRATION,1073.0,1037.8435
2017-06-25,CELEBRATION,604.0,817.54944
2017-06-26,CELEBRATION,459.0,461.6398
2017-06-27,CELEBRATION,562.0,481.9671
2017-06-28,CELEBRATION,586.0,566.52826
2017-06-29,CELEBRATION,831.0,702.376
2017-06-30,CELEBRATION,810.0,862.4996
2017-07-01,CELEBRATION,1236.0,1263.323
2017-07-02,CELEBRATION,692.0,881.531
2017-07-03,CELEBRATION,554.0,571.43823
2017-07-04,CELEBRATION,680.0,501.3443
2017-07-05,CELEBRATION,548.0,540.57404
2017-07-06,CELEBRATION,714.0,715.2695
2017-07-07,CELEBRATION,897.0,722.361
2017-07-08,CELEBRATION,1089.0,1035.8853
2017-07-09,CELEBRATION,697.0,740.7261
2017-07-10,CELEBRATION,567.0,450.75388
2017-07-11,CELEBRATION,571.0,614.86206
2017-07-12,CELEBRATION,649.0,487.6053
2017-07-13,CELEBRATION,591.0,669.8655
2017-07-14,CELEBRATION,809.0,718.0074
2017-07-15,CELEBRATION,1117.0,1027.4705
2017-07-16,CELEBRATION,665.0,823.3248
2017-07-17,CELEBRATION,498.0,467.2567
2017-07-18,CELEBRATION,531.0,545.097
2017-07-19,CELEBRATION,593.0,643.058
2017-07-20,CELEBRATION,760.0,565.46704
2017-07-21,CELEBRATION,820.0,739.2642
2017-07-22,CELEBRATION,1077.0,999.6205
2017-07-23,CELEBRATION,617.0,812.41125
2017-07-24,CELEBRATION,588.0,546.4607
2017-07-25,CELEBRATION,572.0,563.81665
2017-07-26,CELEBRATION,548.0,578.702
2017-07-27,CELEBRATION,1038.0,628.2671
2017-07-28,CELEBRATION,900.0,801.29425
2017-07-29,CELEBRATION,1053.0,1026.2023
2017-07-30,CELEBRATION,585.0,714.36444
2017-07-31,CELEBRATION,466.0,526.64636
2017-08-01,CELEBRATION,682.0,700.9955
2017-08-02,CELEBRATION,543.0,551.71765
2017-08-03,CELEBRATION,708.0,811.6011
2017-08-04,CELEBRATION,808.0,741.1698
2017-08-05,CELEBRATION,921.0,1011.2964
2017-08-06,CELEBRATION,634.0,621.2122
2017-08-07,CELEBRATION,539.0,459.91925
2017-08-08,CELEBRATION,546.0,602.16925
2017-08-09,CELEBRATION,593.0,488.14423
2017-08-10,CELEBRATION,874.0,702.48285
2017-08-11,CELEBRATION,870.0,797.7567
2017-08-12,CELEBRATION,849.0,849.39667
2017-08-13,CELEBRATION,544.0,652.7553
2017-08-14,CELEBRATION,594.0,370.4893
2017-08-15,CELEBRATION,597.0,540.4858
2017-05-17,CLEANING,74583.0,65947.0
2017-05-18,CLEANING,55611.0,65362.438
2017-05-19,CLEANING,69256.0,62127.92
2017-05-20,CLEANING,95962.0,83306.664
2017-05-21,CLEANING,109477.0,88815.15
2017-05-22,CLEANING,68072.0,74849.45
2017-05-23,CLEANING,62875.0,61071.945
2017-05-24,CLEANING,58759.0,68530.586
2017-05-25,CLEANING,49415.0,54281.582
2017-05-26,CLEANING,90118.0,68082.66
2017-05-27,CLEANING,77791.0,89566.19
2017-05-28,CLEANING,82923.0,74241.086
2017-05-29,CLEANING,61371.0,67232.56
2017-05-30,CLEANING,56590.0,63856.703
2017-05-31,CLEANING,69587.0,72903.48
2017-06-01,CLEANING,61601.0,72525.33
2017-06-02,CLEANING,72111.0,73465.45
2017-06-03,CLEANING,95175.0,92808.734
2017-06-04,CLEANING,104997.0,96751.984
2017-06-05,CLEANING,73382.0,71910.125
2017-06-06,CLEANING,61149.0,63436.27
2017-06-07,CLEANING,58958.0,62006.61
2017-06-08,CLEANING,50623.0,54114.914
2017-06-09,CLEANING,58839.0,61458.473
2017-06-10,CLEANING,76401.0,80689.055
2017-06-11,CLEANING,85386.0,79202.984
2017-06-12,CLEANING,59069.0,60708.582
2017-06-13,CLEANING,52735.0,52821.37
2017-06-14,CLEANING,56317.0,52882.57
2017-06-15,CLEANING,51120.0,51228.582
2017-06-16,CLEANING,61049.0,59252.58
2017-06-17,CLEANING,77873.0,89142.266
2017-06-18,CLEANING,63535.0,85466.28
2017-06-19,CLEANING,59488.0,55822.18
2017-06-20,CLEANING,60428.0,55838.33
2017-06-21,CLEANING,56742.0,62999.6
2017-06-22,CLEANING,55773.0,53781.414
2017-06-23,CLEANING,64501.0,63897.656
2017-06-24,CLEANING,80451.0,81453.37
2017-06-25,CLEANING,81798.0,76168.484
2017-06-26,CLEANING,65705.0,60589.957
2017-06-27,CLEANING,60870.0,60465.125
2017-06-28,CLEANING,59831.0,62239.94
2017-06-29,CLEANING,53111.0,56803.082
2017-06-30,CLEANING,71476.0,62717.97
2017-07-01,CLEANING,105361.0,109963.9
2017-07-02,CLEANING,107684.0,98218.29
2017-07-03,CLEANING,77790.0,84410.195
2017-07-04,CLEANING,71697.0,69826.22
2017-07-05,CLEANING,67436.0,70935.086
2017-07-06,CLEANING,70514.0,60040.074
2017-07-07,CLEANING,72133.0,72327.664
2017-07-08,CLEANING,92724.0,79378.87
2017-07-09,CLEANING,95296.0,82381.27
2017-07-10,CLEANING,74690.0,66484.09
2017-07-11,CLEANING,65861.0,66205.98
2017-07-12,CLEANING,57622.0,64643.06
2017-07-13,CLEANING,48262.0,54508.867
2017-07-14,CLEANING,54772.0,58761.535
2017-07-15,CLEANING,73659.0,78480.4
2017-07-16,CLEANING,82657.0,83359.35
2017-07-17,CLEANING,63835.0,64790.266
2017-07-18,CLEANING,55196.0,60379.35
2017-07-19,CLEANING,55522.0,54951.152
2017-07-20,CLEANING,55415.0,51995.465
2017-07-21,CLEANING,58117.0,57634.45
2017-07-22,CLEANING,72297.0,77358.31
2017-07-23,CLEANING,80103.0,77705.87
2017-07-24,CLEANING,64812.0,66255.7
2017-07-25,CLEANING,53126.0,62676.465
2017-07-26,CLEANING,57371.0,53810.582
2017-07-27,CLEANING,75347.0,49825.527
2017-07-28,CLEANING,83629.0,65285.5
2017-07-29,CLEANING,102957.0,85035.72
2017-07-30,CLEANING,113817.0,88596.664
2017-07-31,CLEANING,89385.0,80665.555
2017-08-01,CLEANING,103895.0,82334.82
2017-08-02,CLEANING,90407.0,88463.97
2017-08-03,CLEANING,68226.0,84279.36
2017-08-04,CLEANING,61006.0,80790.695
2017-08-05,CLEANING,75596.0,87867.0
2017-08-06,CLEANING,77829.0,85932.39
2017-08-07,CLEANING,60357.0,63917.645
2017-08-08,CLEANING,53472.0,59114.63
2017-08-09,CLEANING,50985.0,53741.82
2017-08-10,CLEANING,45205.0,52644.133
2017-08-11,CLEANING,55682.0,56322.4
2017-08-12,CLEANING,57935.0,71312.52
2017-08-13,CLEANING,61757.0,67424.03
2017-08-14,CLEANING,55032.0,54943.945
2017-08-15,CLEANING,58474.0,57606.47
2017-05-17,DAIRY,50153.0,50256.33
2017-05-18,DAIRY,36204.0,41781.99
2017-05-19,DAIRY,43071.0,42951.934
2017-05-20,DAIRY,60647.0,59503.547
2017-05-21,DAIRY,74951.0,67564.016
2017-05-22,DAIRY,46578.0,47781.047
2017-05-23,DAIRY,41251.0,43129.883
2017-05-24,DAIRY,45450.0,49344.145
2017-05-25,DAIRY,34821.0,37073.37
2017-05-26,DAIRY,55567.0,47052.57
2017-05-27,DAIRY,54198.0,64915.824
2017-05-28,DAIRY,66492.0,61129.117
2017-05-29,DAIRY,47147.0,47242.48
2017-05-30,DAIRY,42077.0,42358.535
2017-05-31,DAIRY,50401.0,55264.3
2017-06-01,DAIRY,42526.0,49335.176
2017-06-02,DAIRY,49807.0,49647.938
2017-06-03,DAIRY,66614.0,67951.51
2017-06-04,DAIRY,83951.0,73847.984
2017-06-05,DAIRY,52097.0,55719.05
2017-06-06,DAIRY,44539.0,44720.11
2017-06-07,DAIRY,49652.0,48877.49
2017-06-08,DAIRY,37300.0,38386.332
2017-06-09,DAIRY,44596.0,46657.348
2017-06-10,DAIRY,58589.0,62693.04
2017-06-11,DAIRY,74932.0,66185.875
2017-06-12,DAIRY,45495.0,48929.227
2017-06-13,DAIRY,41906.0,42258.45
2017-06-14,DAIRY,47993.0,47991.72
2017-06-15,DAIRY,38731.0,38986.01
2017-06-16,DAIRY,48006.0,44962.344
2017-06-17,DAIRY,67310.0,60627.555
2017-06-18,DAIRY,59757.0,67669.85
2017-06-19,DAIRY,47643.0,47865.676
2017-06-20,DAIRY,43960.0,43395.684
2017-06-21,DAIRY,47144.0,49644.266
2017-06-22,DAIRY,36800.0,39163.02
2017-06-23,DAIRY,44055.0,48425.12
2017-06-24,DAIRY,57117.0,58611.992
2017-06-25,DAIRY,68519.0,65570.33
2017-06-26,DAIRY,46892.0,45925.69
2017-06-27,DAIRY,39469.0,41150.664
2017-06-28,DAIRY,45452.0,44869.223
2017-06-29,DAIRY,35788.0,38293.816
2017-06-30,DAIRY,44056.0,42743.48
2017-07-01,DAIRY,66762.0,77630.516
2017-07-02,DAIRY,75596.0,74432.47
2017-07-03,DAIRY,52864.0,57992.65
2017-07-04,DAIRY,45847.0,46181.742
2017-07-05,DAIRY,49764.0,49440.566
2017-07-06,DAIRY,38965.0,40285.645
2017-07-07,DAIRY,44171.0,43799.316
2017-07-08,DAIRY,57405.0,58765.094
2017-07-09,DAIRY,66045.0,64468.76
2017-07-10,DAIRY,46350.0,47917.082
2017-07-11,DAIRY,40586.0,42598.06
2017-07-12,DAIRY,45493.0,46395.07
2017-07-13,DAIRY,34485.0,37067.863
2017-07-14,DAIRY,40997.0,41282.58
2017-07-15,DAIRY,53472.0,57085.883
2017-07-16,DAIRY,63760.0,60688.203
2017-07-17,DAIRY,45904.0,46888.625
2017-07-18,DAIRY,40025.0,41494.957
2017-07-19,DAIRY,44636.0,46973.33
2017-07-20,DAIRY,37492.0,35523.957
2017-07-21,DAIRY,41364.0,40540.88
2017-07-22,DAIRY,51050.0,53851.277
2017-07-23,DAIRY,57689.0,60206.656
2017-07-24,DAIRY,47914.0,45269.203
2017-07-25,DAIRY,39929.0,41411.04
2017-07-26,DAIRY,42966.0,43744.65
2017-07-27,DAIRY,33693.0,34162.137
2017-07-28,DAIRY,41282.0,39606.887
2017-07-29,DAIRY,53084.0,52034.465
2017-07-30,DAIRY,59432.0,59500.004
2017-07-31,DAIRY,46493.0,49915.418
2017-08-01,DAIRY,48765.0,54115.793
2017-08-02,DAIRY,50997.0,49486.67
2017-08-03,DAIRY,38537.0,42178.89
2017-08-04,DAIRY,42872.0,43423.156
2017-08-05,DAIRY,52289.0,59202.066
2017-08-06,DAIRY,60062.0,61201.28
2017-08-07,DAIRY,44167.0,46762.39
2017-08-08,DAIRY,38198.0,40931.344
2017-08-09,DAIRY,42374.0,44917.86
2017-08-10,DAIRY,34648.0,35267.96
2017-08-11,DAIRY,44909.0,40716.867
2017-08-12,DAIRY,42854.0,51864.766
2017-08-13,DAIRY,50112.0,53223.152
2017-08-14,DAIRY,43050.0,42352.227
2017-08-15,DAIRY,40707.0,42656.03
2017-05-17,DELI,14629.3,15333.254
2017-05-18,DELI,12756.47,13013.951
2017-05-19,DELI,17167.03,17656.68
2017-05-20,DELI,19929.74,20630.73
2017-05-21,DELI,24374.04,21267.127
2017-05-22,DELI,15085.58,15586.649
2017-05-23,DELI,14038.24,14330.902
2017-05-24,DELI,13083.96,14365.734
2017-05-25,DELI,12277.17,12150.8545
2017-05-26,DELI,21883.11,20324.719
2017-05-27,DELI,19054.48,20534.281
2017-05-28,DELI,22303.06,20936.945
2017-05-29,DELI,16220.41,16397.13
2017-05-30,DELI,14776.7,15744.985
2017-05-31,DELI,16189.75,17715.84
2017-06-01,DELI,15760.72,16998.074
2017-06-02,DELI,21844.09,21620.54
2017-06-03,DELI,23627.36,23181.89
2017-06-04,DELI,27899.61,27424.027
2017-06-05,DELI,16782.17,17197.73
2017-06-06,DELI,15214.86,15068.533
2017-06-07,DELI,14710.96,14470.41
2017-06-08,DELI,13020.81,12875.929
2017-06-09,DELI,18495.9,19271.541
2017-06-10,DELI,20035.57,20713.438
2017-06-11,DELI,24779.37,21642.303
2017-06-12,DELI,15381.45,16293.045
2017-06-13,DELI,14423.06,14478.922
2017-06-14,DELI,13614.18,13990.112
2017-06-15,DELI,12914.33,12951.34
2017-06-16,DELI,19037.7,19320.996
2017-06-17,DELI,21662.38,20778.744
2017-06-18,DELI,19314.54,23774.482
2017-06-19,DELI,15553.09,15547.499
2017-06-20,DELI,15056.75,14593.067
2017-06-21,DELI,12952.1,14041.607
2017-06-22,DELI,11809.67,12089.331
2017-06-23,DELI,18311.75,19917.361
2017-06-24,DELI,19149.48,20672.027
2017-06-25,DELI,21802.13,20706.285
2017-06-26,DELI,14457.02,15116.646
2017-06-27,DELI,13243.17,13779.827
2017-06-28,DELI,12569.53,12693.013
2017-06-29,DELI,12362.39,11800.279
2017-06-30,DELI,18893.4,18057.213
2017-07-01,DELI,23880.66,27198.639
2017-07-02,DELI,26672.03,26851.836
2017-07-03,DELI,19332.4,19841.193
2017-07-04,DELI,16721.19,17113.467
2017-07-05,DELI,15976.39,15796.121
2017-07-06,DELI,14597.84,13952.823
2017-07-07,DELI,19532.81,19553.033
2017-07-08,DELI,20472.43,20152.111
2017-07-09,DELI,22988.24,21758.012
2017-07-10,DELI,16428.34,15673.737
2017-07-11,DELI,14625.41,15006.502
2017-07-12,DELI,13926.93,13907.627
2017-07-13,DELI,12447.31,12608.197
2017-07-14,DELI,18884.56,18221.29
2017-07-15,DELI,19583.99,20713.633
2017-07-16,DELI,22569.69,22067.152
2017-07-17,DELI,16759.89,16216.002
2017-07-18,DELI,14636.72,15688.395
2017-07-19,DELI,13756.87,13998.702
2017-07-20,DELI,13043.56,12692.629
2017-07-21,DELI,17967.23,18430.451
2017-07-22,DELI,18259.79,19910.234
2017-07-23,DELI,20733.48,21291.078
2017-07-24,DELI,15981.65,16454.78
2017-07-25,DELI,14122.63,15476.027
2017-07-26,DELI,13175.87,13175.618
2017-07-27,DELI,11554.01,11833.477
2017-07-28,DELI,18126.87,18100.58
2017-07-29,DELI,19142.27,20209.973
2017-07-30,DELI,21337.22,21874.59
2017-07-31,DELI,16678.31,19175.662
2017-08-01,DELI,18713.23,19628.275
2017-08-02,DELI,16545.62,17473.428
2017-08-03,DELI,14423.71,15360.299
2017-08-04,DELI,18881.44,19425.176
2017-08-05,DELI,18866.16,21826.678
2017-08-06,DELI,21537.06,21637.385
2017-08-07,DELI,15486.02,16200.278
2017-08-08,DELI,13814.37,14212.336
2017-08-09,DELI,13164.28,12958.184
2017-08-10,DELI,12231.07,12393.876
2017-08-11,DELI,18680.48,18780.828
2017-08-12,DELI,15689.93,18566.535
2017-08-13,DELI,17593.3,19026.227
2017-08-14,DELI,14662.75,15053.126
2017-08-15,DELI,14935.49,15018.943
2017-05-17,EGGS,9201.0,8721.916
2017-05-18,EGGS,7335.0,7712.223
2017-05-19,EGGS,9054.0,8392.319
2017-05-20,EGGS,11787.0,12054.327
2017-05-21,EGGS,14690.0,12949.939
2017-05-22,EGGS,13949.0,13529.768
2017-05-23,EGGS,8544.0,9378.472
2017-05-24,EGGS,8228.0,8686.299
2017-05-25,EGGS,7297.0,7368.627
2017-05-26,EGGS,11349.0,9443.672
2017-05-27,EGGS,10823.0,12251.65
2017-05-28,EGGS,13012.0,12053.612
2017-05-29,EGGS,14091.0,14253.558
2017-05-30,EGGS,8700.0,9698.937
2017-05-31,EGGS,9202.0,9020.963
2017-06-01,EGGS,8363.0,9216.766
2017-06-02,EGGS,10951.0,10159.879
2017-06-03,EGGS,12943.0,12642.825
2017-06-04,EGGS,16456.0,15254.432
2017-06-05,EGGS,15484.0,14824.694
2017-06-06,EGGS,8884.0,9929.634
2017-06-07,EGGS,9238.0,8476.692
2017-06-08,EGGS,8110.0,7690.6826
2017-06-09,EGGS,9499.0,9790.033
2017-06-10,EGGS,12029.0,11795.682
2017-06-11,EGGS,15568.0,12772.859
2017-06-12,EGGS,14299.0,13623.186
2017-06-13,EGGS,9469.0,8749.439
2017-06-14,EGGS,9030.0,8279.679
2017-06-15,EGGS,7943.0,7628.3115
2017-06-16,EGGS,10478.0,9358.865
2017-06-17,EGGS,14322.0,12373.774
2017-06-18,EGGS,12460.0,15392.135
2017-06-19,EGGS,14602.0,13694.394
2017-06-20,EGGS,10348.0,9456.8
2017-06-21,EGGS,9069.0,8854.863
2017-06-22,EGGS,6978.0,7590.748
2017-06-23,EGGS,8750.0,10533.838
2017-06-24,EGGS,11531.0,11975.019
2017-06-25,EGGS,14180.0,13246.975
2017-06-26,EGGS,13542.0,13597.229
2017-06-27,EGGS,8395.0,9224.445
2017-06-28,EGGS,8350.0,8241.955
2017-06-29,EGGS,7089.0,7513.5127
2017-06-30,EGGS,9061.0,9331.628
2017-07-01,EGGS,13249.0,15042.994
2017-07-02,EGGS,15861.0,16189.88
2017-07-03,EGGS,16458.0,17485.957
2017-07-04,EGGS,9881.0,10478.07
2017-07-05,EGGS,8941.0,9083.644
2017-07-06,EGGS,7672.0,8207.57
2017-07-07,EGGS,9033.0,8548.657
2017-07-08,EGGS,11052.0,11743.939
2017-07-09,EGGS,13737.0,13756.728
2017-07-10,EGGS,15233.0,13163.124
2017-07-11,EGGS,8565.0,10230.0205
2017-07-12,EGGS,8438.0,8135.679
2017-07-13,EGGS,7054.0,7435.6177
2017-07-14,EGGS,9050.0,8512.431
2017-07-15,EGGS,11266.0,12228.704
2017-07-16,EGGS,13650.0,13079.821
2017-07-17,EGGS,15264.0,14460.459
2017-07-18,EGGS,8935.0,9374.164
2017-07-19,EGGS,9150.0,8154.133
2017-07-20,EGGS,7977.0,7705.1094
2017-07-21,EGGS,9735.0,8728.638
2017-07-22,EGGS,10622.0,11368.383
2017-07-23,EGGS,13476.0,12939.023
2017-07-24,EGGS,14347.0,14714.203
2017-07-25,EGGS,8981.0,9692.075
2017-07-26,EGGS,8386.0,8260.158
2017-07-27,EGGS,7530.0,7363.456
2017-07-28,EGGS,10450.0,8990.801
2017-07-29,EGGS,11091.0,11716.072
2017-07-30,EGGS,13048.0,14133.368
2017-07-31,EGGS,15017.0,16671.309
2017-08-01,EGGS,11871.0,12391.3
2017-08-02,EGGS,9919.0,10243.376
2017-08-03,EGGS,7894.0,8755.851
2017-08-04,EGGS,9618.0,9640.186
2017-08-05,EGGS,10734.0,11091.165
2017-08-06,EGGS,13293.0,13029.197
2017-08-07,EGGS,14597.0,14100.556
2017-08-08,EGGS,8682.0,9743.257
2017-08-09,EGGS,8198.0,8475.253
2017-08-10,EGGS,8016.0,7513.863
2017-08-11,EGGS,9428.0,9589.373
2017-08-12,EGGS,9560.0,11257.591
2017-08-13,EGGS,11478.0,12357.485
2017-08-14,EGGS,14600.0,13976.159
2017-08-15,EGGS,9624.0,9923.039
2017-05-17,FROZEN FOODS,6230.28,6863.7305
2017-05-18,FROZEN FOODS,5759.94,6016.1816
2017-05-19,FROZEN FOODS,7911.07,8207.254
2017-05-20,FROZEN FOODS,11062.94,12338.282
2017-05-21,FROZEN FOODS,8848.11,8907.534
2017-05-22,FROZEN FOODS,5464.0,5844.55
2017-05-23,FROZEN FOODS,5437.95,5667.2173
2017-05-24,FROZEN FOODS,6038.3,6727.2476
2017-05-25,FROZEN FOODS,6217.92,5735.2285
2017-05-26,FROZEN FOODS,11123.91,8973.621
2017-05-27,FROZEN FOODS,10534.45,11465.672
2017-05-28,FROZEN FOODS,7640.68,8908.987
2017-05-29,FROZEN FOODS,5318.25,5928.447
2017-05-30,FROZEN FOODS,5165.83,5634.4507
2017-05-31,FROZEN FOODS,6435.75,6186.1494
2017-06-01,FROZEN FOODS,6566.37,6718.916
2017-06-02,FROZEN FOODS,9474.39,9163.711
2017-06-03,FROZEN FOODS,12107.57,11422.178
2017-06-04,FROZEN FOODS,9795.01,9527.361
2017-06-05,FROZEN FOODS,6299.2,6210.5874
2017-06-06,FROZEN FOODS,5670.28,5673.3135
2017-06-07,FROZEN FOODS,6641.27,6043.216
2017-06-08,FROZEN FOODS,5476.76,5979.6416
2017-06-09,FROZEN FOODS,8061.62,8345.878
2017-06-10,FROZEN FOODS,11016.86,10875.71
2017-06-11,FROZEN FOODS,8259.29,9107.814
2017-06-12,FROZEN FOODS,5067.45,5634.6396
2017-06-13,FROZEN FOODS,5414.42,5327.9756
2017-06-14,FROZEN FOODS,6475.56,5889.8154
2017-06-15,FROZEN FOODS,6645.25,5625.374
2017-06-16,FROZEN FOODS,9814.95,8443.901
2017-06-17,FROZEN FOODS,13055.55,11117.576
2017-06-18,FROZEN FOODS,8399.09,9584.211
2017-06-19,FROZEN FOODS,5500.5,5514.168
2017-06-20,FROZEN FOODS,5357.11,5552.529
2017-06-21,FROZEN FOODS,5638.44,6055.504
2017-06-22,FROZEN FOODS,5051.29,5714.1616
2017-06-23,FROZEN FOODS,8041.78,8028.6504
2017-06-24,FROZEN FOODS,10955.08,11079.828
2017-06-25,FROZEN FOODS,8271.07,8360.24
2017-06-26,FROZEN FOODS,5462.9,5151.9106
2017-06-27,FROZEN FOODS,4906.4,5148.094
2017-06-28,FROZEN FOODS,5805.45,5467.3115
2017-06-29,FROZEN FOODS,5364.82,5472.0176
2017-06-30,FROZEN FOODS,8132.04,8007.367
2017-07-01,FROZEN FOODS,12040.27,12965.597
2017-07-02,FROZEN FOODS,9370.7,9912.388
2017-07-03,FROZEN FOODS,6560.39,7032.677
2017-07-04,FROZEN FOODS,6349.17,5754.815
2017-07-05,FROZEN FOODS,6852.9,6188.5615
2017-07-06,FROZEN FOODS,5780.83,5712.1953
2017-07-07,FROZEN FOODS,7752.95,7594.9243
2017-07-08,FROZEN FOODS,10823.38,10326.882
2017-07-09,FROZEN FOODS,7736.77,8652.073
2017-07-10,FROZEN FOODS,5410.84,5359.8
2017-07-11,FROZEN FOODS,5435.52,5404.0396
2017-07-12,FROZEN FOODS,5810.24,5927.6113
2017-07-13,FROZEN FOODS,5409.91,5389.8706
2017-07-14,FROZEN FOODS,7582.7,7284.4385
2017-07-15,FROZEN FOODS,10466.98,10695.774
2017-07-16,FROZEN FOODS,8063.41,8311.095
2017-07-17,FROZEN FOODS,5425.63,5519.561
2017-07-18,FROZEN FOODS,5061.9,5471.1255
2017-07-19,FROZEN FOODS,5531.91,5667.3057
2017-07-20,FROZEN FOODS,5713.74,5186.2837
2017-07-21,FROZEN FOODS,7680.82,7215.3696
2017-07-22,FROZEN FOODS,10352.79,10278.565
2017-07-23,FROZEN FOODS,7929.29,8354.81
2017-07-24,FROZEN FOODS,5705.1,5587.724
2017-07-25,FROZEN FOODS,5347.32,5321.253
2017-07-26,FROZEN FOODS,5703.01,5568.266
2017-07-27,FROZEN FOODS,5609.87,5404.5547
2017-07-28,FROZEN FOODS,8423.37,7266.7764
2017-07-29,FROZEN FOODS,10466.09,10520.906
2017-07-30,FROZEN FOODS,7621.72,8825.944
2017-07-31,FROZEN FOODS,5694.98,5835.9243
2017-08-01,FROZEN FOODS,6382.41,6612.3555
2017-08-02,FROZEN FOODS,6683.87,6441.8477
2017-08-03,FROZEN FOODS,5983.57,6187.893
2017-08-04,FROZEN FOODS,8313.89,7622.4526
2017-08-05,FROZEN FOODS,10610.42,10900.932
2017-08-06,FROZEN FOODS,7775.1,8187.0693
2017-08-07,FROZEN FOODS,5550.52,5531.552
2017-08-08,FROZEN FOODS,5463.03,5528.964
2017-08-09,FROZEN FOODS,5798.88,5787.9077
2017-08-10,FROZEN FOODS,5998.15,5752.519
2017-08-11,FROZEN FOODS,9473.2,8083.073
2017-08-12,FROZEN FOODS,9077.46,10395.008
2017-08-13,FROZEN FOODS,6476.55,7667.3486
2017-08-14,FROZEN FOODS,5422.7,5278.4087
2017-08-15,FROZEN FOODS,5309.63,5534.052
2017-05-17,GROCERY I,242271.77,229654.33
2017-05-18,GROCERY I,189992.96,214137.83
2017-05-19,GROCERY I,225889.53,218186.08
2017-05-20,GROCERY I,314630.37,297881.66
2017-05-21,GROCERY I,349106.18,329850.16
2017-05-22,GROCERY I,235352.47,236638.72
2017-05-23,GROCERY I,216349.81,223320.06
2017-05-24,GROCERY I,207528.36,229721.0
2017-05-25,GROCERY I,184282.37,192649.72
2017-05-26,GROCERY I,284289.84,237523.7
2017-05-27,GROCERY I,280306.78,311462.03
2017-05-28,GROCERY I,313695.17,320906.3
2017-05-29,GROCERY I,233553.13,244588.33
2017-05-30,GROCERY I,231107.97,232387.28
2017-05-31,GROCERY I,258090.75,277598.8
2017-06-01,GROCERY I,244432.39,274373.78
2017-06-02,GROCERY I,269708.91,267205.5
2017-06-03,GROCERY I,366851.14,362818.22
2017-06-04,GROCERY I,420484.19,377889.8
2017-06-05,GROCERY I,287651.92,249577.77
2017-06-06,GROCERY I,247529.79,254228.64
2017-06-07,GROCERY I,244550.44,220885.16
2017-06-08,GROCERY I,209010.65,198923.81
2017-06-09,GROCERY I,230238.39,231051.3
2017-06-10,GROCERY I,296191.21,293290.28
2017-06-11,GROCERY I,359159.36,321863.38
2017-06-12,GROCERY I,231623.83,235520.12
2017-06-13,GROCERY I,225098.81,215913.78
2017-06-14,GROCERY I,231383.78,216555.48
2017-06-15,GROCERY I,199755.28,202144.33
2017-06-16,GROCERY I,236330.64,227977.06
2017-06-17,GROCERY I,320835.1,290229.44
2017-06-18,GROCERY I,278084.93,317125.56
2017-06-19,GROCERY I,236571.12,250993.05
2017-06-20,GROCERY I,234485.25,217619.56
2017-06-21,GROCERY I,216428.22,221198.23
2017-06-22,GROCERY I,182687.1,199381.5
2017-06-23,GROCERY I,212785.14,241445.1
2017-06-24,GROCERY I,282434.73,280033.97
2017-06-25,GROCERY I,317588.57,293612.53
2017-06-26,GROCERY I,220335.84,230753.2
2017-06-27,GROCERY I,198345.95,207646.92
2017-06-28,GROCERY I,198716.77,201590.62
2017-06-29,GROCERY I,190098.65,183384.83
2017-06-30,GROCERY I,228539.87,218825.34
2017-07-01,GROCERY I,375440.31,387918.72
2017-07-02,GROCERY I,398356.88,376576.88
2017-07-03,GROCERY I,288954.26,321069.03
2017-07-04,GROCERY I,257414.04,273107.1
2017-07-05,GROCERY I,243726.9,247538.45
2017-07-06,GROCERY I,207284.28,208033.22
2017-07-07,GROCERY I,223152.15,215655.8
2017-07-08,GROCERY I,289414.61,271086.66
2017-07-09,GROCERY I,316177.76,308391.88
2017-07-10,GROCERY I,235318.51,221022.92
2017-07-11,GROCERY I,208359.29,215056.4
2017-07-12,GROCERY I,203237.33,210420.16
2017-07-13,GROCERY I,182709.47,181178.08
2017-07-14,GROCERY I,209990.76,207508.05
2017-07-15,GROCERY I,276323.26,289501.53
2017-07-16,GROCERY I,309084.55,328902.03
2017-07-17,GROCERY I,241417.04,244622.95
2017-07-18,GROCERY I,211924.17,217800.52
2017-07-19,GROCERY I,218927.02,203399.03
2017-07-20,GROCERY I,202736.59,198421.19
2017-07-21,GROCERY I,217576.96,214227.72
2017-07-22,GROCERY I,269126.27,287349.56
2017-07-23,GROCERY I,297691.7,310906.56
2017-07-24,GROCERY I,240691.27,254283.5
2017-07-25,GROCERY I,210986.03,222042.66
2017-07-26,GROCERY I,205754.66,202829.05
2017-07-27,GROCERY I,196079.2,186254.64
2017-07-28,GROCERY I,233685.82,213178.61
2017-07-29,GROCERY I,303657.54,294242.97
2017-07-30,GROCERY I,328519.73,303695.75
2017-07-31,GROCERY I,270215.67,257964.84
2017-08-01,GROCERY I,301453.5,299196.44
2017-08-02,GROCERY I,281631.33,277140.38
2017-08-03,GROCERY I,227658.81,243168.05
2017-08-04,GROCERY I,244474.25,244689.2
2017-08-05,GROCERY I,292312.4,329437.53
2017-08-06,GROCERY I,314408.41,358439.1
2017-08-07,GROCERY I,244548.24,246820.14
2017-08-08,GROCERY I,213902.29,216906.31
2017-08-09,GROCERY I,210097.72,210811.7
2017-08-10,GROCERY I,194854.11,208469.25
2017-08-11,GROCERY I,238221.91,223460.86
2017-08-12,GROCERY I,238627.64,273816.38
2017-08-13,GROCERY I,258442.45,272741.75
2017-08-14,GROCERY I,225355.71,228020.23
2017-08-15,GROCERY I,224208.11,229198.66
2017-05-17,GROCERY II,1392.0,1461.7329
2017-05-18,GROCERY II,1116.0,1467.0394
2017-05-19,GROCERY II,1406.0,1509.911
2017-05-20,GROCERY II,1853.0,1866.8015
2017-05-21,GROCERY II,2253.0,1746.7911
2017-05-22,GROCERY II,1434.0,1293.3748
2017-05-23,GROCERY II,1239.0,1234.4205
2017-05-24,GROCERY II,1328.0,1345.0986
2017-05-25,GROCERY II,1162.0,1229.3982
2017-05-26,GROCERY II,1802.0,1434.7045
2017-05-27,GROCERY II,1811.0,1825.7058
2017-05-28,GROCERY II,1915.0,1796.9337
2017-05-29,GROCERY II,1373.0,1385.6671
2017-05-30,GROCERY II,1274.0,1260.9924
2017-05-31,GROCERY II,1403.0,1317.5725
2017-06-01,GROCERY II,1508.0,1257.1292
2017-06-02,GROCERY II,1583.0,1645.7716
2017-06-03,GROCERY II,1880.0,1809.1682
2017-06-04,GROCERY II,2038.0,1841.8235
2017-06-05,GROCERY II,1525.0,1408.02
2017-06-06,GROCERY II,1451.0,1243.1335
2017-06-07,GROCERY II,1431.0,1360.6044
2017-06-08,GROCERY II,1182.0,1395.8722
2017-06-09,GROCERY II,1445.0,1482.8811
2017-06-10,GROCERY II,1838.0,1761.3916
2017-06-11,GROCERY II,2029.0,1811.4341
2017-06-12,GROCERY II,1241.0,1396.93
2017-06-13,GROCERY II,1214.0,1278.2609
2017-06-14,GROCERY II,1602.0,1331.7347
2017-06-15,GROCERY II,1396.0,1288.0718
2017-06-16,GROCERY II,2011.0,1477.7747
2017-06-17,GROCERY II,2472.0,1916.2374
2017-06-18,GROCERY II,1885.0,2362.3967
2017-06-19,GROCERY II,1406.0,1331.5806
2017-06-20,GROCERY II,1406.0,1325.2998
2017-06-21,GROCERY II,1486.0,1545.8749
2017-06-22,GROCERY II,1259.0,1374.557
2017-06-23,GROCERY II,1600.0,1794.7708
2017-06-24,GROCERY II,1869.0,1843.799
2017-06-25,GROCERY II,1997.0,2015.8269
2017-06-26,GROCERY II,1313.0,1347.6608
2017-06-27,GROCERY II,1255.0,1288.2073
2017-06-28,GROCERY II,1283.0,1415.7173
2017-06-29,GROCERY II,1204.0,1242.4524
2017-06-30,GROCERY II,1591.0,1614.7045
2017-07-01,GROCERY II,1977.0,1964.5138
2017-07-02,GROCERY II,2286.0,2036.0201
2017-07-03,GROCERY II,1664.0,1541.0054
2017-07-04,GROCERY II,1401.0,1366.7856
2017-07-05,GROCERY II,1498.0,1388.0254
2017-07-06,GROCERY II,1352.0,1265.4305
2017-07-07,GROCERY II,1553.0,1567.186
2017-07-08,GROCERY II,1842.0,1893.9362
2017-07-09,GROCERY II,2006.0,1769.2505
2017-07-10,GROCERY II,1479.0,1381.4701
2017-07-11,GROCERY II,1175.0,1300.4203
2017-07-12,GROCERY II,1441.0,1299.6964
2017-07-13,GROCERY II,1508.0,1265.5868
2017-07-14,GROCERY II,2015.0,1590.6915
2017-07-15,GROCERY II,2386.0,1859.9678
2017-07-16,GROCERY II,2552.0,2210.472
2017-07-17,GROCERY II,1552.0,1615.9119
2017-07-18,GROCERY II,1596.0,1309.7156
2017-07-19,GROCERY II,1849.0,1541.5385
2017-07-20,GROCERY II,1672.0,1566.1267
2017-07-21,GROCERY II,1790.0,1771.7828
2017-07-22,GROCERY II,2169.0,1905.0626
2017-07-23,GROCERY II,2436.0,2103.53
2017-07-24,GROCERY II,2141.0,1802.3008
2017-07-25,GROCERY II,1944.0,1672.3549
2017-07-26,GROCERY II,1881.0,1744.018
2017-07-27,GROCERY II,1609.0,1589.8618
2017-07-28,GROCERY II,2212.0,1791.1907
2017-07-29,GROCERY II,2683.0,2061.1477
2017-07-30,GROCERY II,2467.0,2927.8647
2017-07-31,GROCERY II,1806.0,1899.5398
2017-08-01,GROCERY II,1960.0,1748.2147
2017-08-02,GROCERY II,1903.0,1786.3004
2017-08-03,GROCERY II,1424.0,1676.1249
2017-08-04,GROCERY II,1521.0,1752.2308
2017-08-05,GROCERY II,1845.0,2010.5524
2017-08-06,GROCERY II,1768.0,1801.9613
2017-08-07,GROCERY II,1515.0,1591.6313
2017-08-08,GROCERY II,1268.0,1598.1776
2017-08-09,GROCERY II,1239.0,1569.4685
2017-08-10,GROCERY II,1399.0,1359.111
2017-08-11,GROCERY II,1653.0,1674.9642
2017-08-12,GROCERY II,1555.0,1771.6888
2017-08-13,GROCERY II,1504.0,1483.2396
2017-08-14,GROCERY II,1371.0,1277.0715
2017-08-15,GROCERY II,1300.0,1293.3256
2017-05-17,HARDWARE,79.0,28.916576
2017-05-18,HARDWARE,74.0,7.568486
2017-05-19,HARDWARE,72.0,29.01107
2017-05-20,HARDWARE,108.0,97.87157
2017-05-21,HARDWARE,125.0,118.4453
2017-05-22,HARDWARE,72.0,47.1456
2017-05-23,HARDWARE,58.0,-1.0741017
2017-05-24,HARDWARE,60.0,27.390501
2017-05-25,HARDWARE,80.0,-3.21595
2017-05-26,HARDWARE,107.0,46.69841
2017-05-27,HARDWARE,94.0,114.256485
2017-05-28,HARDWARE,121.0,113.66288
2017-05-29,HARDWARE,66.0,31.70435
2017-05-30,HARDWARE,73.0,26.572548
2017-05-31,HARDWARE,77.0,47.29572
2017-06-01,HARDWARE,73.0,5.093622
2017-06-02,HARDWARE,73.0,39.545006
2017-06-03,HARDWARE,83.0,110.2487
2017-06-04,HARDWARE,114.0,102.569
2017-06-05,HARDWARE,79.0,65.754684
2017-06-06,HARDWARE,52.0,20.686853
2017-06-07,HARDWARE,79.0,16.518618
2017-06-08,HARDWARE,72.0,-15.981718
2017-06-09,HARDWARE,73.0,8.213007
2017-06-10,HARDWARE,71.0,73.70805
2017-06-11,HARDWARE,105.0,68.95414
2017-06-12,HARDWARE,71.0,0.77859104
2017-06-13,HARDWARE,77.0,-14.967176
2017-06-14,HARDWARE,94.0,7.9196143
2017-06-15,HARDWARE,70.0,45.28581
2017-06-16,HARDWARE,73.0,46.230244
2017-06-17,HARDWARE,90.0,85.947716
2017-06-18,HARDWARE,74.0,66.70402
2017-06-19,HARDWARE,73.0,-12.79928
2017-06-20,HARDWARE,80.0,7.3725867
2017-06-21,HARDWARE,80.0,27.051836
2017-06-22,HARDWARE,64.0,5.7653594
2017-06-23,HARDWARE,70.0,66.91362
2017-06-24,HARDWARE,67.0,91.244865
2017-06-25,HARDWARE,104.0,42.49271
2017-06-26,HARDWARE,73.0,38.838013
2017-06-27,HARDWARE,72.0,3.962717
2017-06-28,HARDWARE,51.0,23.846094
2017-06-29,HARDWARE,57.0,12.852605
2017-06-30,HARDWARE,60.0,49.571777
2017-07-01,HARDWARE,113.0,95.16463
2017-07-02,HARDWARE,131.0,54.869602
2017-07-03,HARDWARE,80.0,134.57884
2017-07-04,HARDWARE,96.0,19.83304
2017-07-05,HARDWARE,72.0,76.24429
2017-07-06,HARDWARE,63.0,17.191874
2017-07-07,HARDWARE,76.0,5.250112
2017-07-08,HARDWARE,102.0,72.51174
2017-07-09,HARDWARE,106.0,67.7271
2017-07-10,HARDWARE,59.0,20.984465
2017-07-11,HARDWARE,64.0,-2.4627142
2017-07-12,HARDWARE,95.0,2.975987
2017-07-13,HARDWARE,67.0,36.247276
2017-07-14,HARDWARE,76.0,7.941754
2017-07-15,HARDWARE,91.0,50.687283
2017-07-16,HARDWARE,99.0,105.72802
2017-07-17,HARDWARE,79.0,39.168346
2017-07-18,HARDWARE,59.0,2.7507591
2017-07-19,HARDWARE,49.0,23.811647
2017-07-20,HARDWARE,76.0,7.5513844
2017-07-21,HARDWARE,72.0,28.035154
2017-07-22,HARDWARE,78.0,59.874363
2017-07-23,HARDWARE,83.0,38.88676
2017-07-24,HARDWARE,85.0,70.57149
2017-07-25,HARDWARE,78.0,97.283875
2017-07-26,HARDWARE,86.0,22.37186
2017-07-27,HARDWARE,60.0,18.960413
2017-07-28,HARDWARE,72.0,25.190609
2017-07-29,HARDWARE,95.0,60.537243
2017-07-30,HARDWARE,109.0,86.06885
2017-07-31,HARDWARE,81.0,68.94157
2017-08-01,HARDWARE,86.0,27.211603
2017-08-02,HARDWARE,70.0,73.750916
2017-08-03,HARDWARE,58.0,25.028101
2017-08-04,HARDWARE,78.0,32.540886
2017-08-05,HARDWARE,75.0,62.798332
2017-08-06,HARDWARE,110.0,6.6734548
2017-08-07,HARDWARE,72.0,35.532005
2017-08-08,HARDWARE,77.0,-15.155571
2017-08-09,HARDWARE,83.0,3.5149336
2017-08-10,HARDWARE,59.0,-8.590397
2017-08-11,HARDWARE,83.0,31.097141
2017-08-12,HARDWARE,89.0,0.54634255
2017-08-13,HARDWARE,108.0,-14.759884
2017-08-14,HARDWARE,66.0,-73.561
2017-08-15,HARDWARE,57.0,2.849473
2017-05-17,HOME AND KITCHEN I,1374.0,1586.9805
2017-05-18,HOME AND KITCHEN I,1459.0,1542.2134
2017-05-19,HOME AND KITCHEN I,1448.0,1654.7277
2017-05-20,HOME AND KITCHEN I,1931.0,1964.3792
2017-05-21,HOME AND KITCHEN I,1870.0,1817.6036
2017-05-22,HOME AND KITCHEN I,1282.0,1312.2783
2017-05-23,HOME AND KITCHEN I,1235.0,1423.3737
2017-05-24,HOME AND KITCHEN I,1563.0,1765.7336
2017-05-25,HOME AND KITCHEN I,1262.0,1459.9109
2017-05-26,HOME AND KITCHEN I,2214.0,1959.8035
2017-05-27,HOME AND KITCHEN I,1859.0,1985.7075
2017-05-28,HOME AND KITCHEN I,2271.0,1755.094
2017-05-29,HOME AND KITCHEN I,1369.0,1512.1854
2017-05-30,HOME AND KITCHEN I,1267.0,1392.8226
2017-05-31,HOME AND KITCHEN I,1378.0,1589.1777
2017-06-01,HOME AND KITCHEN I,1604.0,1576.5132
2017-06-02,HOME AND KITCHEN I,2001.0,1949.3103
2017-06-03,HOME AND KITCHEN I,2320.0,2041.1447
2017-06-04,HOME AND KITCHEN I,2452.0,2344.3477
2017-06-05,HOME AND KITCHEN I,1471.0,1588.8103
2017-06-06,HOME AND KITCHEN I,1470.0,1300.2837
2017-06-07,HOME AND KITCHEN I,1522.0,1402.3744
2017-06-08,HOME AND KITCHEN I,1440.0,1492.7623
2017-06-09,HOME AND KITCHEN I,1685.0,1698.1085
2017-06-10,HOME AND KITCHEN I,2266.0,1910.0577
2017-06-11,HOME AND KITCHEN I,2283.0,2026.1285
2017-06-12,HOME AND KITCHEN I,1484.0,1548.7876
2017-06-13,HOME AND KITCHEN I,1688.0,1466.0457
2017-06-14,HOME AND KITCHEN I,1615.0,1338.8002
2017-06-15,HOME AND KITCHEN I,2078.0,1592.6257
2017-06-16,HOME AND KITCHEN I,2261.0,1934.6283
2017-06-17,HOME AND KITCHEN I,4494.0,2220.8057
2017-06-18,HOME AND KITCHEN I,2079.0,3303.111
2017-06-19,HOME AND KITCHEN I,1260.0,1632.2592
2017-06-20,HOME AND KITCHEN I,1415.0,1649.727
2017-06-21,HOME AND KITCHEN I,1291.0,1746.2651
2017-06-22,HOME AND KITCHEN I,1744.0,1693.714
2017-06-23,HOME AND KITCHEN I,1602.0,2106.9753
2017-06-24,HOME AND KITCHEN I,2018.0,2336.3523
2017-06-25,HOME AND KITCHEN I,1882.0,2140.749
2017-06-26,HOME AND KITCHEN I,1409.0,1306.7545
2017-06-27,HOME AND KITCHEN I,1354.0,1399.2665
2017-06-28,HOME AND KITCHEN I,1537.0,1381.0505
2017-06-29,HOME AND KITCHEN I,1585.0,1591.6212
2017-06-30,HOME AND KITCHEN I,1649.0,1615.7188
2017-07-01,HOME AND KITCHEN I,2580.0,2731.8677
2017-07-02,HOME AND KITCHEN I,2322.0,2422.2485
2017-07-03,HOME AND KITCHEN I,1674.0,2041.7338
2017-07-04,HOME AND KITCHEN I,1597.0,1414.0917
2017-07-05,HOME AND KITCHEN I,1632.0,1479.242
2017-07-06,HOME AND KITCHEN I,1663.0,1604.8108
2017-07-07,HOME AND KITCHEN I,1677.0,1661.7695
2017-07-08,HOME AND KITCHEN I,1947.0,2006.7197
2017-07-09,HOME AND KITCHEN I,2239.0,1944.0381
2017-07-10,HOME AND KITCHEN I,1420.0,1534.4733
2017-07-11,HOME AND KITCHEN I,1769.0,1555.5284
2017-07-12,HOME AND KITCHEN I,1443.0,1668.8568
2017-07-13,HOME AND KITCHEN I,1565.0,1610.4576
2017-07-14,HOME AND KITCHEN I,1493.0,1538.4432
2017-07-15,HOME AND KITCHEN I,1855.0,1896.1395
2017-07-16,HOME AND KITCHEN I,2051.0,1910.8116
2017-07-17,HOME AND KITCHEN I,1425.0,1534.7473
2017-07-18,HOME AND KITCHEN I,1372.0,1627.4324
2017-07-19,HOME AND KITCHEN I,1452.0,1428.9767
2017-07-20,HOME AND KITCHEN I,1453.0,1614.3788
2017-07-21,HOME AND KITCHEN I,1658.0,1599.5717
2017-07-22,HOME AND KITCHEN I,1907.0,1732.3716
2017-07-23,HOME AND KITCHEN I,1995.0,2047.6663
2017-07-24,HOME AND KITCHEN I,1436.0,1841.3336
2017-07-25,HOME AND KITCHEN I,1467.0,2007.9333
2017-07-26,HOME AND KITCHEN I,1352.0,1422.4471
2017-07-27,HOME AND KITCHEN I,1136.0,1375.7223
2017-07-28,HOME AND KITCHEN I,1467.0,1438.6865
2017-07-29,HOME AND KITCHEN I,2302.0,1824.8424
2017-07-30,HOME AND KITCHEN I,2013.0,1912.5865
2017-07-31,HOME AND KITCHEN I,1357.0,1590.0574
2017-08-01,HOME AND KITCHEN I,1619.0,1927.286
2017-08-02,HOME AND KITCHEN I,1686.0,1575.758
2017-08-03,HOME AND KITCHEN I,1288.0,1394.7535
2017-08-04,HOME AND KITCHEN I,1546.0,1585.7252
2017-08-05,HOME AND KITCHEN I,1968.0,1997.3522
2017-08-06,HOME AND KITCHEN I,1923.0,1831.0992
2017-08-07,HOME AND KITCHEN I,1428.0,1310.9958
2017-08-08,HOME AND KITCHEN I,1467.0,1448.6495
2017-08-09,HOME AND KITCHEN I,1477.0,1419.9851
2017-08-10,HOME AND KITCHEN I,1801.0,1375.2352
2017-08-11,HOME AND KITCHEN I,2189.0,1685.0253
2017-08-12,HOME AND KITCHEN I,2046.0,1964.5375
2017-08-13,HOME AND KITCHEN I,1874.0,1793.7319
2017-08-14,HOME AND KITCHEN I,1682.0,1267.9763
2017-08-15,HOME AND KITCHEN I,1669.0,1564.7045
2017-05-17,HOME AND KITCHEN II,1420.0,1631.8224
2017-05-18,HOME AND KITCHEN II,1386.0,1369.1161
2017-05-19,HOME AND KITCHEN II,2203.0,1441.4377
2017-05-20,HOME AND KITCHEN II,2295.0,2093.8323
2017-05-21,HOME AND KITCHEN II,2698.0,1934.9751
2017-05-22,HOME AND KITCHEN II,1891.0,2343.8774
2017-05-23,HOME AND KITCHEN II,1658.0,1632.2628
2017-05-24,HOME AND KITCHEN II,1998.0,1927.6606
2017-05-25,HOME AND KITCHEN II,1458.0,1574.6222
2017-05-26,HOME AND KITCHEN II,2313.0,2259.1694
2017-05-27,HOME AND KITCHEN II,2119.0,1954.9807
2017-05-28,HOME AND KITCHEN II,2322.0,1977.8981
2017-05-29,HOME AND KITCHEN II,1721.0,2146.5454
2017-05-30,HOME AND KITCHEN II,1705.0,1717.3439
2017-05-31,HOME AND KITCHEN II,2241.0,2055.9158
2017-06-01,HOME AND KITCHEN II,1519.0,1972.2615
2017-06-02,HOME AND KITCHEN II,1936.0,2006.1064
2017-06-03,HOME AND KITCHEN II,2461.0,2065.2114
2017-06-04,HOME AND KITCHEN II,2507.0,2379.914
2017-06-05,HOME AND KITCHEN II,2021.0,1779.1548
2017-06-06,HOME AND KITCHEN II,1577.0,1655.6963
2017-06-07,HOME AND KITCHEN II,1970.0,1768.179
2017-06-08,HOME AND KITCHEN II,1660.0,1627.4149
2017-06-09,HOME AND KITCHEN II,1433.0,1768.6044
2017-06-10,HOME AND KITCHEN II,1818.0,1941.1388
2017-06-11,HOME AND KITCHEN II,2115.0,1941.8174
2017-06-12,HOME AND KITCHEN II,1434.0,1645.1038
2017-06-13,HOME AND KITCHEN II,1312.0,1538.7316
2017-06-14,HOME AND KITCHEN II,1501.0,1481.5166
2017-06-15,HOME AND KITCHEN II,1372.0,1487.9364
2017-06-16,HOME AND KITCHEN II,1328.0,1625.0327
2017-06-17,HOME AND KITCHEN II,1626.0,1875.0825
2017-06-18,HOME AND KITCHEN II,1527.0,1864.8193
2017-06-19,HOME AND KITCHEN II,1349.0,1402.5776
2017-06-20,HOME AND KITCHEN II,1343.0,1335.2236
2017-06-21,HOME AND KITCHEN II,1562.0,1554.2443
2017-06-22,HOME AND KITCHEN II,1196.0,1375.1228
2017-06-23,HOME AND KITCHEN II,1311.0,1563.2617
2017-06-24,HOME AND KITCHEN II,1868.0,1708.4312
2017-06-25,HOME AND KITCHEN II,2689.0,1772.5618
2017-06-26,HOME AND KITCHEN II,1400.0,2296.373
2017-06-27,HOME AND KITCHEN II,1323.0,1312.6816
2017-06-28,HOME AND KITCHEN II,2004.0,1556.464
2017-06-29,HOME AND KITCHEN II,1359.0,1456.626
2017-06-30,HOME AND KITCHEN II,1451.0,1497.2032
2017-07-01,HOME AND KITCHEN II,2188.0,2319.384
2017-07-02,HOME AND KITCHEN II,2297.0,2194.16
2017-07-03,HOME AND KITCHEN II,1650.0,1823.7795
2017-07-04,HOME AND KITCHEN II,1576.0,1476.081
2017-07-05,HOME AND KITCHEN II,1607.0,1764.9672
2017-07-06,HOME AND KITCHEN II,1353.0,1404.1268
2017-07-07,HOME AND KITCHEN II,1582.0,1476.14
2017-07-08,HOME AND KITCHEN II,1822.0,1924.1555
2017-07-09,HOME AND KITCHEN II,2104.0,1925.1112
2017-07-10,HOME AND KITCHEN II,1511.0,1502.0634
2017-07-11,HOME AND KITCHEN II,1526.0,1435.3693
2017-07-12,HOME AND KITCHEN II,1631.0,1548.3639
2017-07-13,HOME AND KITCHEN II,1179.0,1307.801
2017-07-14,HOME AND KITCHEN II,1254.0,1416.1737
2017-07-15,HOME AND KITCHEN II,1677.0,1703.9443
2017-07-16,HOME AND KITCHEN II,1807.0,1757.7472
2017-07-17,HOME AND KITCHEN II,1391.0,1405.6609
2017-07-18,HOME AND KITCHEN II,1269.0,1431.646
2017-07-19,HOME AND KITCHEN II,1314.0,1451.2723
2017-07-20,HOME AND KITCHEN II,1590.0,1185.4097
2017-07-21,HOME AND KITCHEN II,1270.0,1369.4938
2017-07-22,HOME AND KITCHEN II,2176.0,1598.6241
2017-07-23,HOME AND KITCHEN II,1812.0,1909.288
2017-07-24,HOME AND KITCHEN II,1436.0,1423.9849
2017-07-25,HOME AND KITCHEN II,1326.0,1363.7296
2017-07-26,HOME AND KITCHEN II,1955.0,1402.4451
2017-07-27,HOME AND KITCHEN II,1305.0,1483.5039
2017-07-28,HOME AND KITCHEN II,1399.0,1313.2411
2017-07-29,HOME AND KITCHEN II,2182.0,1788.9257
2017-07-30,HOME AND KITCHEN II,2495.0,1881.4016
2017-07-31,HOME AND KITCHEN II,1809.0,1697.2045
2017-08-01,HOME AND KITCHEN II,1848.0,1645.7509
2017-08-02,HOME AND KITCHEN II,1615.0,1764.0104
2017-08-03,HOME AND KITCHEN II,1389.0,1484.0487
2017-08-04,HOME AND KITCHEN II,1885.0,1568.1151
2017-08-05,HOME AND KITCHEN II,1958.0,2076.033
2017-08-06,HOME AND KITCHEN II,2238.0,1925.7328
2017-08-07,HOME AND KITCHEN II,1778.0,1650.5178
2017-08-08,HOME AND KITCHEN II,1804.0,1561.3088
2017-08-09,HOME AND KITCHEN II,1570.0,1634.7405
2017-08-10,HOME AND KITCHEN II,1146.0,1607.6819
2017-08-11,HOME AND KITCHEN II,1504.0,1760.4039
2017-08-12,HOME AND KITCHEN II,1504.0,1651.4487
2017-08-13,HOME AND KITCHEN II,1625.0,1587.1344
2017-08-14,HOME AND KITCHEN II,1668.0,1313.56
2017-08-15,HOME AND KITCHEN II,1448.0,1605.9547
2017-05-17,HOME APPLIANCES,41.0,19.34417
2017-05-18,HOME APPLIANCES,46.0,1.1138239
2017-05-19,HOME APPLIANCES,31.0,22.04496
2017-05-20,HOME APPLIANCES,57.0,70.58084
2017-05-21,HOME APPLIANCES,44.0,78.62703
2017-05-22,HOME APPLIANCES,28.0,-18.35358
2017-05-23,HOME APPLIANCES,25.0,-15.646885
2017-05-24,HOME APPLIANCES,22.0,9.699994
2017-05-25,HOME APPLIANCES,29.0,-15.150064
2017-05-26,HOME APPLIANCES,50.0,13.808565
2017-05-27,HOME APPLIANCES,47.0,67.563965
2017-05-28,HOME APPLIANCES,49.0,63.787323
2017-05-29,HOME APPLIANCES,28.0,-13.122984
2017-05-30,HOME APPLIANCES,23.0,11.999794
2017-05-31,HOME APPLIANCES,43.0,30.28973
2017-06-01,HOME APPLIANCES,27.0,17.152243
2017-06-02,HOME APPLIANCES,29.0,18.85293
2017-06-03,HOME APPLIANCES,43.0,80.33129
2017-06-04,HOME APPLIANCES,50.0,82.089935
2017-06-05,HOME APPLIANCES,45.0,0.2555623
2017-06-06,HOME APPLIANCES,38.0,14.23221
2017-06-07,HOME APPLIANCES,29.0,10.063969
2017-06-08,HOME APPLIANCES,31.0,-30.554455
2017-06-09,HOME APPLIANCES,32.0,-7.1428246
2017-06-10,HOME APPLIANCES,42.0,42.52986
2017-06-11,HOME APPLIANCES,56.0,53.44011
2017-06-12,HOME APPLIANCES,33.0,-32.24662
2017-06-13,HOME APPLIANCES,33.0,-21.42186
2017-06-14,HOME APPLIANCES,34.0,-1.652813
2017-06-15,HOME APPLIANCES,29.0,-12.670485
2017-06-16,HOME APPLIANCES,30.0,28.106403
2017-06-17,HOME APPLIANCES,43.0,57.887264
2017-06-18,HOME APPLIANCES,38.0,42.112217
2017-06-19,HOME APPLIANCES,31.0,-14.994719
2017-06-20,HOME APPLIANCES,34.0,-4.432099
2017-06-21,HOME APPLIANCES,39.0,17.479431
2017-06-22,HOME APPLIANCES,24.0,-0.68930113
2017-06-23,HOME APPLIANCES,33.0,34.023796
2017-06-24,HOME APPLIANCES,48.0,65.4166
2017-06-25,HOME APPLIANCES,35.0,34.951736
2017-06-26,HOME APPLIANCES,32.0,-14.859049
2017-06-27,HOME APPLIANCES,24.0,-7.8419733
2017-06-28,HOME APPLIANCES,33.0,6.155591
2017-06-29,HOME APPLIANCES,22.0,6.397948
2017-06-30,HOME APPLIANCES,17.0,26.96397
2017-07-01,HOME APPLIANCES,33.0,93.34443
2017-07-02,HOME APPLIANCES,51.0,-8.607658
2017-07-03,HOME APPLIANCES,31.0,88.83655
2017-07-04,HOME APPLIANCES,25.0,7.1134405
2017-07-05,HOME APPLIANCES,27.0,29.926878
2017-07-06,HOME APPLIANCES,23.0,1.704164
2017-07-07,HOME APPLIANCES,16.0,-13.16094
2017-07-08,HOME APPLIANCES,31.0,33.539574
2017-07-09,HOME APPLIANCES,48.0,4.2349067
2017-07-10,HOME APPLIANCES,22.0,-33.627594
2017-07-11,HOME APPLIANCES,18.0,-17.95044
2017-07-12,HOME APPLIANCES,16.0,-12.51174
2017-07-13,HOME APPLIANCES,20.0,-30.742096
2017-07-14,HOME APPLIANCES,22.0,-13.176213
2017-07-15,HOME APPLIANCES,26.0,13.746911
2017-07-16,HOME APPLIANCES,30.0,21.309439
2017-07-17,HOME APPLIANCES,17.0,-20.793701
2017-07-18,HOME APPLIANCES,23.0,-12.736991
2017-07-19,HOME APPLIANCES,14.0,5.206161
2017-07-20,HOME APPLIANCES,18.0,-7.9363637
2017-07-21,HOME APPLIANCES,12.0,6.917219
2017-07-22,HOME APPLIANCES,17.0,18.559168
2017-07-23,HOME APPLIANCES,20.0,13.294143
2017-07-24,HOME APPLIANCES,21.0,59.343052
2017-07-25,HOME APPLIANCES,15.0,70.32437
2017-07-26,HOME APPLIANCES,10.0,6.8841333
2017-07-27,HOME APPLIANCES,8.0,-9.341943
2017-07-28,HOME APPLIANCES,5.0,0.694994
2017-07-29,HOME APPLIANCES,10.0,10.622129
2017-07-30,HOME APPLIANCES,20.0,11.112227
2017-07-31,HOME APPLIANCES,22.0,21.94172
2017-08-01,HOME APPLIANCES,14.0,33.92022
2017-08-02,HOME APPLIANCES,16.0,35.501896
2017-08-03,HOME APPLIANCES,9.0,9.540415
2017-08-04,HOME APPLIANCES,9.0,4.870338
2017-08-05,HOME APPLIANCES,12.0,4.0583825
2017-08-06,HOME APPLIANCES,16.0,-34.037796
2017-08-07,HOME APPLIANCES,14.0,-27.198101
2017-08-08,HOME APPLIANCES,21.0,-30.643284
2017-08-09,HOME APPLIANCES,7.0,-11.9727955
2017-08-10,HOME APPLIANCES,6.0,-26.093365
2017-08-11,HOME APPLIANCES,10.0,-13.768216
2017-08-12,HOME APPLIANCES,8.0,-42.275208
2017-08-13,HOME APPLIANCES,2.0,-68.39207
2017-08-14,HOME APPLIANCES,4.0,-106.51587
2017-08-15,HOME APPLIANCES,3.0,-3.7227492
2017-05-17,HOME CARE,14690.0,14079.682
2017-05-18,HOME CARE,11812.0,12720.166
2017-05-19,HOME CARE,12945.0,12350.281
2017-05-20,HOME CARE,20815.0,18879.553
2017-05-21,HOME CARE,24292.0,20614.732
2017-05-22,HOME CARE,14706.0,15232.561
2017-05-23,HOME CARE,13860.0,13693.817
2017-05-24,HOME CARE,12889.0,13840.134
2017-05-25,HOME CARE,11032.0,11298.718
2017-05-26,HOME CARE,18219.0,13997.609
2017-05-27,HOME CARE,18590.0,20316.637
2017-05-28,HOME CARE,21116.0,20686.432
2017-05-29,HOME CARE,14410.0,16121.305
2017-05-30,HOME CARE,12869.0,14569.799
2017-05-31,HOME CARE,13730.0,16463.002
2017-06-01,HOME CARE,14374.0,14346.57
2017-06-02,HOME CARE,15356.0,15518.747
2017-06-03,HOME CARE,22328.0,21428.162
2017-06-04,HOME CARE,26187.0,25845.125
2017-06-05,HOME CARE,15961.0,16600.168
2017-06-06,HOME CARE,13606.0,13995.384
2017-06-07,HOME CARE,13187.0,12739.802
2017-06-08,HOME CARE,10633.0,11420.949
2017-06-09,HOME CARE,11613.0,13607.356
2017-06-10,HOME CARE,17073.0,18516.855
2017-06-11,HOME CARE,21327.0,20970.87
2017-06-12,HOME CARE,12963.0,14738.505
2017-06-13,HOME CARE,11758.0,12542.521
2017-06-14,HOME CARE,11706.0,12031.106
2017-06-15,HOME CARE,11944.0,11024.228
2017-06-16,HOME CARE,13240.0,12876.038
2017-06-17,HOME CARE,19721.0,18512.691
2017-06-18,HOME CARE,17869.0,22217.787
2017-06-19,HOME CARE,15662.0,14424.625
2017-06-20,HOME CARE,14950.0,14437.935
2017-06-21,HOME CARE,13658.0,13554.071
2017-06-22,HOME CARE,11959.0,10970.959
2017-06-23,HOME CARE,13378.0,14950.005
2017-06-24,HOME CARE,19632.0,18705.707
2017-06-25,HOME CARE,23737.0,20818.258
2017-06-26,HOME CARE,15163.0,14187.197
2017-06-27,HOME CARE,13197.0,13642.133
2017-06-28,HOME CARE,13671.0,12289.244
2017-06-29,HOME CARE,13013.0,11729.884
2017-06-30,HOME CARE,15341.0,14070.749
2017-07-01,HOME CARE,28299.0,27193.02
2017-07-02,HOME CARE,30795.0,27847.928
2017-07-03,HOME CARE,20957.0,22498.75
2017-07-04,HOME CARE,18119.0,16531.545
2017-07-05,HOME CARE,16395.0,15744.159
2017-07-06,HOME CARE,13579.0,14391.269
2017-07-07,HOME CARE,14398.0,13036.957
2017-07-08,HOME CARE,20202.0,19931.895
2017-07-09,HOME CARE,23720.0,22147.564
2017-07-10,HOME CARE,15728.0,15052.336
2017-07-11,HOME CARE,13662.0,14248.241
2017-07-12,HOME CARE,13261.0,12736.095
2017-07-13,HOME CARE,12659.0,11481.589
2017-07-14,HOME CARE,14479.0,12707.864
2017-07-15,HOME CARE,20706.0,19965.822
2017-07-16,HOME CARE,24714.0,22543.986
2017-07-17,HOME CARE,16759.0,16804.568
2017-07-18,HOME CARE,15486.0,15438.371
2017-07-19,HOME CARE,14906.0,14433.222
2017-07-20,HOME CARE,14203.0,13454.169
2017-07-21,HOME CARE,14840.0,14335.046
2017-07-22,HOME CARE,20578.0,19052.248
2017-07-23,HOME CARE,23230.0,23052.65
2017-07-24,HOME CARE,18420.0,16880.434
2017-07-25,HOME CARE,15408.0,15931.4
2017-07-26,HOME CARE,14098.0,14378.73
2017-07-27,HOME CARE,12950.0,12567.771
2017-07-28,HOME CARE,15366.0,14724.667
2017-07-29,HOME CARE,21997.0,21080.451
2017-07-30,HOME CARE,24298.0,23847.367
2017-07-31,HOME CARE,19204.0,20484.83
2017-08-01,HOME CARE,21901.0,21501.21
2017-08-02,HOME CARE,19064.0,18209.91
2017-08-03,HOME CARE,13801.0,15397.922
2017-08-04,HOME CARE,13462.0,14525.08
2017-08-05,HOME CARE,18691.0,21472.104
2017-08-06,HOME CARE,20837.0,23520.629
2017-08-07,HOME CARE,15209.0,16667.623
2017-08-08,HOME CARE,13203.0,14602.646
2017-08-09,HOME CARE,12352.0,13122.707
2017-08-10,HOME CARE,11704.0,12155.611
2017-08-11,HOME CARE,13747.0,13693.051
2017-08-12,HOME CARE,14692.0,17189.07
2017-08-13,HOME CARE,16564.0,18605.56
2017-08-14,HOME CARE,13818.0,14695.539
2017-08-15,HOME CARE,13644.0,15009.0
2017-05-17,LADIESWEAR,603.0,506.7268
2017-05-18,LADIESWEAR,516.0,488.49646
2017-05-19,LADIESWEAR,614.0,509.93887
2017-05-20,LADIESWEAR,1030.0,846.2164
2017-05-21,LADIESWEAR,1317.0,1021.70166
2017-05-22,LADIESWEAR,557.0,778.5171
2017-05-23,LADIESWEAR,545.0,616.2508
2017-05-24,LADIESWEAR,494.0,519.4324
2017-05-25,LADIESWEAR,379.0,476.1263
2017-05-26,LADIESWEAR,822.0,530.68536
2017-05-27,LADIESWEAR,836.0,907.84576
2017-05-28,LADIESWEAR,1121.0,1005.4701
2017-05-29,LADIESWEAR,390.0,633.465
2017-05-30,LADIESWEAR,437.0,548.9232
2017-05-31,LADIESWEAR,519.0,526.63806
2017-06-01,LADIESWEAR,468.0,646.6134
2017-06-02,LADIESWEAR,545.0,745.7934
2017-06-03,LADIESWEAR,988.0,849.9414
2017-06-04,LADIESWEAR,1288.0,1115.4191
2017-06-05,LADIESWEAR,551.0,769.695
2017-06-06,LADIESWEAR,511.0,496.57547
2017-06-07,LADIESWEAR,537.0,497.44662
2017-06-08,LADIESWEAR,487.0,464.94635
2017-06-09,LADIESWEAR,472.0,564.4212
2017-06-10,LADIESWEAR,906.0,818.45776
2017-06-11,LADIESWEAR,1218.0,1037.3397
2017-06-12,LADIESWEAR,456.0,743.2177
2017-06-13,LADIESWEAR,468.0,460.92172
2017-06-14,LADIESWEAR,516.0,489.43115
2017-06-15,LADIESWEAR,485.0,474.71228
2017-06-16,LADIESWEAR,549.0,527.1583
2017-06-17,LADIESWEAR,970.0,805.0147
2017-06-18,LADIESWEAR,986.0,1078.1508
2017-06-19,LADIESWEAR,507.0,537.2198
2017-06-20,LADIESWEAR,441.0,483.2614
2017-06-21,LADIESWEAR,478.0,507.97595
2017-06-22,LADIESWEAR,458.0,486.69327
2017-06-23,LADIESWEAR,532.0,560.3659
2017-06-24,LADIESWEAR,962.0,841.9838
2017-06-25,LADIESWEAR,1216.0,938.73016
2017-06-26,LADIESWEAR,522.0,755.3188
2017-06-27,LADIESWEAR,444.0,478.2659
2017-06-28,LADIESWEAR,483.0,500.0707
2017-06-29,LADIESWEAR,461.0,492.1949
2017-06-30,LADIESWEAR,429.0,555.82904
2017-07-01,LADIESWEAR,1104.0,1100.0803
2017-07-02,LADIESWEAR,1291.0,996.1417
2017-07-03,LADIESWEAR,639.0,867.13745
2017-07-04,LADIESWEAR,509.0,497.6431
2017-07-05,LADIESWEAR,502.0,526.34265
2017-07-06,LADIESWEAR,508.0,498.1196
2017-07-07,LADIESWEAR,462.0,492.05972
2017-07-08,LADIESWEAR,902.0,902.6532
2017-07-09,LADIESWEAR,990.0,1045.5002
2017-07-10,LADIESWEAR,477.0,660.9375
2017-07-11,LADIESWEAR,470.0,473.42618
2017-07-12,LADIESWEAR,455.0,483.90414
2017-07-13,LADIESWEAR,394.0,465.6737
2017-07-14,LADIESWEAR,402.0,358.77417
2017-07-15,LADIESWEAR,782.0,695.5072
2017-07-16,LADIESWEAR,1063.0,720.7801
2017-07-17,LADIESWEAR,511.0,504.60474
2017-07-18,LADIESWEAR,479.0,366.9541
2017-07-19,LADIESWEAR,531.0,389.93646
2017-07-20,LADIESWEAR,444.0,374.47037
2017-07-21,LADIESWEAR,454.0,506.6393
2017-07-22,LADIESWEAR,842.0,759.7008
2017-07-23,LADIESWEAR,1091.0,949.4538
2017-07-24,LADIESWEAR,602.0,636.43915
2017-07-25,LADIESWEAR,574.0,560.1155
2017-07-26,LADIESWEAR,487.0,505.41537
2017-07-27,LADIESWEAR,463.0,486.831
2017-07-28,LADIESWEAR,483.0,504.53275
2017-07-29,LADIESWEAR,808.0,802.10974
2017-07-30,LADIESWEAR,882.0,1042.6234
2017-07-31,LADIESWEAR,466.0,586.8757
2017-08-01,LADIESWEAR,563.0,599.84
2017-08-02,LADIESWEAR,557.0,434.6502
2017-08-03,LADIESWEAR,467.0,637.802
2017-08-04,LADIESWEAR,448.0,658.0339
2017-08-05,LADIESWEAR,826.0,885.5093
2017-08-06,LADIESWEAR,982.0,787.12714
2017-08-07,LADIESWEAR,473.0,653.4918
2017-08-08,LADIESWEAR,454.0,587.10266
2017-08-09,LADIESWEAR,408.0,551.2194
2017-08-10,LADIESWEAR,296.0,495.0963
2017-08-11,LADIESWEAR,460.0,556.34814
2017-08-12,LADIESWEAR,599.0,647.8916
2017-08-13,LADIESWEAR,722.0,620.3754
2017-08-14,LADIESWEAR,487.0,338.4732
2017-08-15,LADIESWEAR,503.0,466.37283
2017-05-17,LAWN AND GARDEN,828.0,1120.6375
2017-05-18,LAWN AND GARDEN,566.0,1007.9336
2017-05-19,LAWN AND GARDEN,966.0,1332.1542
2017-05-20,LAWN AND GARDEN,1137.0,1653.8607
2017-05-21,LAWN AND GARDEN,869.0,1439.4166
2017-05-22,LAWN AND GARDEN,635.0,576.1113
2017-05-23,LAWN AND GARDEN,743.0,574.5032
2017-05-24,LAWN AND GARDEN,941.0,1118.1355
2017-05-25,LAWN AND GARDEN,830.0,608.80206
2017-05-26,LAWN AND GARDEN,1314.0,1016.0501
2017-05-27,LAWN AND GARDEN,1161.0,1462.9563
2017-05-28,LAWN AND GARDEN,943.0,1111.0002
2017-05-29,LAWN AND GARDEN,627.0,725.166
2017-05-30,LAWN AND GARDEN,735.0,749.6119
2017-05-31,LAWN AND GARDEN,938.0,1164.5776
2017-06-01,LAWN AND GARDEN,728.0,795.5083
2017-06-02,LAWN AND GARDEN,1044.0,987.9643
2017-06-03,LAWN AND GARDEN,1034.0,1169.85
2017-06-04,LAWN AND GARDEN,1002.0,969.91095
2017-06-05,LAWN AND GARDEN,643.0,820.0618
2017-06-06,LAWN AND GARDEN,675.0,794.3234
2017-06-07,LAWN AND GARDEN,954.0,815.89026
2017-06-08,LAWN AND GARDEN,710.0,792.7674
2017-06-09,LAWN AND GARDEN,973.0,1070.2847
2017-06-10,LAWN AND GARDEN,1093.0,1159.2325
2017-06-11,LAWN AND GARDEN,1098.0,1031.7263
2017-06-12,LAWN AND GARDEN,650.0,803.40826
2017-06-13,LAWN AND GARDEN,677.0,754.881
2017-06-14,LAWN AND GARDEN,966.0,640.83386
2017-06-15,LAWN AND GARDEN,808.0,816.43427
2017-06-16,LAWN AND GARDEN,1579.0,947.61224
2017-06-17,LAWN AND GARDEN,1917.0,1288.732
2017-06-18,LAWN AND GARDEN,1163.0,1279.6913
2017-06-19,LAWN AND GARDEN,511.0,885.4578
2017-06-20,LAWN AND GARDEN,635.0,819.50275
2017-06-21,LAWN AND GARDEN,898.0,1009.84344
2017-06-22,LAWN AND GARDEN,702.0,865.7842
2017-06-23,LAWN AND GARDEN,1005.0,1192.1084
2017-06-24,LAWN AND GARDEN,1028.0,1395.8517
2017-06-25,LAWN AND GARDEN,905.0,1061.7131
2017-06-26,LAWN AND GARDEN,618.0,584.6251
2017-06-27,LAWN AND GARDEN,647.0,708.8251
2017-06-28,LAWN AND GARDEN,891.0,794.3654
2017-06-29,LAWN AND GARDEN,707.0,756.61615
2017-06-30,LAWN AND GARDEN,1049.0,911.3656
2017-07-01,LAWN AND GARDEN,1280.0,1192.6
2017-07-02,LAWN AND GARDEN,1044.0,1022.8756
2017-07-03,LAWN AND GARDEN,621.0,737.36804
2017-07-04,LAWN AND GARDEN,692.0,826.1416
2017-07-05,LAWN AND GARDEN,1029.0,800.6182
2017-07-06,LAWN AND GARDEN,756.0,839.8418
2017-07-07,LAWN AND GARDEN,1068.0,935.40063
2017-07-08,LAWN AND GARDEN,1175.0,1136.7897
2017-07-09,LAWN AND GARDEN,1006.0,1059.3174
2017-07-10,LAWN AND GARDEN,664.0,659.8899
2017-07-11,LAWN AND GARDEN,724.0,764.849
2017-07-12,LAWN AND GARDEN,936.0,909.30225
2017-07-13,LAWN AND GARDEN,702.0,793.49475
2017-07-14,LAWN AND GARDEN,1030.0,981.60205
2017-07-15,LAWN AND GARDEN,1127.0,1183.8137
2017-07-16,LAWN AND GARDEN,928.0,998.9914
2017-07-17,LAWN AND GARDEN,684.0,791.3767
2017-07-18,LAWN AND GARDEN,710.0,774.2799
2017-07-19,LAWN AND GARDEN,895.0,896.09235
2017-07-20,LAWN AND GARDEN,770.0,816.3006
2017-07-21,LAWN AND GARDEN,1032.0,902.67834
2017-07-22,LAWN AND GARDEN,1090.0,1078.2052
2017-07-23,LAWN AND GARDEN,910.0,958.31964
2017-07-24,LAWN AND GARDEN,708.0,874.2815
2017-07-25,LAWN AND GARDEN,669.0,882.20557
2017-07-26,LAWN AND GARDEN,880.0,821.7465
2017-07-27,LAWN AND GARDEN,775.0,814.6523
2017-07-28,LAWN AND GARDEN,941.0,889.2019
2017-07-29,LAWN AND GARDEN,1142.0,1111.9645
2017-07-30,LAWN AND GARDEN,945.0,960.56824
2017-07-31,LAWN AND GARDEN,567.0,840.2361
2017-08-01,LAWN AND GARDEN,707.0,1140.9718
2017-08-02,LAWN AND GARDEN,929.0,1002.9297
2017-08-03,LAWN AND GARDEN,725.0,830.65967
2017-08-04,LAWN AND GARDEN,909.0,876.781
2017-08-05,LAWN AND GARDEN,1094.0,1086.0345
2017-08-06,LAWN AND GARDEN,872.0,833.76575
2017-08-07,LAWN AND GARDEN,654.0,586.6057
2017-08-08,LAWN AND GARDEN,628.0,688.7558
2017-08-09,LAWN AND GARDEN,855.0,747.66394
2017-08-10,LAWN AND GARDEN,751.0,736.7587
2017-08-11,LAWN AND GARDEN,1156.0,745.71497
2017-08-12,LAWN AND GARDEN,978.0,1049.6727
2017-08-13,LAWN AND GARDEN,750.0,824.57324
2017-08-14,LAWN AND GARDEN,654.0,509.90485
2017-08-15,LAWN AND GARDEN,679.0,728.50073
2017-05-17,LINGERIE,379.0,386.0683
2017-05-18,LINGERIE,312.0,345.31638
2017-05-19,LINGERIE,318.0,345.57703
2017-05-20,LINGERIE,423.0,426.78564
2017-05-21,LINGERIE,517.0,511.2227
2017-05-22,LINGERIE,288.0,337.28387
2017-05-23,LINGERIE,307.0,267.52734
2017-05-24,LINGERIE,273.0,331.55597
2017-05-25,LINGERIE,301.0,242.47919
2017-05-26,LINGERIE,421.0,339.56393
2017-05-27,LINGERIE,413.0,428.90222
2017-05-28,LINGERIE,440.0,431.58133
2017-05-29,LINGERIE,315.0,311.79294
2017-05-30,LINGERIE,304.0,314.39893
2017-05-31,LINGERIE,351.0,319.2608
2017-06-01,LINGERIE,306.0,479.94995
2017-06-02,LINGERIE,346.0,359.17813
2017-06-03,LINGERIE,481.0,438.60837
2017-06-04,LINGERIE,566.0,441.68573
2017-06-05,LINGERIE,390.0,337.46243
2017-06-06,LINGERIE,319.0,337.28836
2017-06-07,LINGERIE,395.0,316.97736
2017-06-08,LINGERIE,293.0,305.65884
2017-06-09,LINGERIE,335.0,264.7763
2017-06-10,LINGERIE,463.0,395.3086
2017-06-11,LINGERIE,415.0,434.7854
2017-06-12,LINGERIE,329.0,308.50955
2017-06-13,LINGERIE,333.0,271.16965
2017-06-14,LINGERIE,328.0,308.8099
2017-06-15,LINGERIE,290.0,280.26236
2017-06-16,LINGERIE,331.0,290.23587
2017-06-17,LINGERIE,385.0,398.5669
2017-06-18,LINGERIE,328.0,380.91736
2017-06-19,LINGERIE,326.0,276.6128
2017-06-20,LINGERIE,382.0,293.50946
2017-06-21,LINGERIE,421.0,339.56696
2017-06-22,LINGERIE,335.0,331.83514
2017-06-23,LINGERIE,398.0,358.0896
2017-06-24,LINGERIE,389.0,436.9214
2017-06-25,LINGERIE,417.0,358.90945
2017-06-26,LINGERIE,323.0,320.7622
2017-06-27,LINGERIE,297.0,310.6287
2017-06-28,LINGERIE,299.0,325.47452
2017-06-29,LINGERIE,374.0,302.4429
2017-06-30,LINGERIE,393.0,373.17612
2017-07-01,LINGERIE,526.0,598.2375
2017-07-02,LINGERIE,546.0,373.4296
2017-07-03,LINGERIE,402.0,428.8799
2017-07-04,LINGERIE,319.0,354.25037
2017-07-05,LINGERIE,323.0,344.4507
2017-07-06,LINGERIE,294.0,330.4826
2017-07-07,LINGERIE,363.0,280.5273
2017-07-08,LINGERIE,412.0,422.96985
2017-07-09,LINGERIE,401.0,400.21494
2017-07-10,LINGERIE,313.0,306.9505
2017-07-11,LINGERIE,312.0,283.6741
2017-07-12,LINGERIE,348.0,294.15198
2017-07-13,LINGERIE,292.0,295.6806
2017-07-14,LINGERIE,329.0,268.05438
2017-07-15,LINGERIE,396.0,357.8649
2017-07-16,LINGERIE,418.0,377.51746
2017-07-17,LINGERIE,348.0,316.67062
2017-07-18,LINGERIE,310.0,310.06927
2017-07-19,LINGERIE,296.0,311.86996
2017-07-20,LINGERIE,321.0,294.0296
2017-07-21,LINGERIE,311.0,319.21112
2017-07-22,LINGERIE,399.0,367.05203
2017-07-23,LINGERIE,345.0,386.24442
2017-07-24,LINGERIE,347.0,377.8901
2017-07-25,LINGERIE,286.0,391.54507
2017-07-26,LINGERIE,276.0,260.09415
2017-07-27,LINGERIE,236.0,249.90877
2017-07-28,LINGERIE,264.0,248.55415
2017-07-29,LINGERIE,418.0,299.9022
2017-07-30,LINGERIE,404.0,367.89133
2017-07-31,LINGERIE,329.0,342.1053
2017-08-01,LINGERIE,456.0,667.4377
2017-08-02,LINGERIE,357.0,569.03204
2017-08-03,LINGERIE,440.0,401.68512
2017-08-04,LINGERIE,373.0,462.6739
2017-08-05,LINGERIE,450.0,587.34595
2017-08-06,LINGERIE,523.0,458.6588
2017-08-07,LINGERIE,378.0,403.8459
2017-08-08,LINGERIE,398.0,402.14386
2017-08-09,LINGERIE,360.0,408.82306
2017-08-10,LINGERIE,399.0,440.19806
2017-08-11,LINGERIE,445.0,518.5816
2017-08-12,LINGERIE,462.0,539.4203
2017-08-13,LINGERIE,470.0,383.0209
2017-08-14,LINGERIE,418.0,334.46854
2017-08-15,LINGERIE,458.0,468.3137
2017-05-17,"LIQUOR,WINE,BEER",3372.0,3802.0708
2017-05-18,"LIQUOR,WINE,BEER",3021.0,4021.539
2017-05-19,"LIQUOR,WINE,BEER",6127.0,6422.1416
2017-05-20,"LIQUOR,WINE,BEER",8312.0,9788.463
2017-05-21,"LIQUOR,WINE,BEER",3915.0,5260.3594
2017-05-22,"LIQUOR,WINE,BEER",2594.0,3048.147
2017-05-23,"LIQUOR,WINE,BEER",2556.0,2992.642
2017-05-24,"LIQUOR,WINE,BEER",3487.0,3666.018
2017-05-25,"LIQUOR,WINE,BEER",5735.0,4034.9983
2017-05-26,"LIQUOR,WINE,BEER",10608.0,8005.4717
2017-05-27,"LIQUOR,WINE,BEER",9293.0,10441.881
2017-05-28,"LIQUOR,WINE,BEER",3731.0,5238.203
2017-05-29,"LIQUOR,WINE,BEER",2362.0,3426.3198
2017-05-30,"LIQUOR,WINE,BEER",2813.0,2976.9204
2017-05-31,"LIQUOR,WINE,BEER",3168.0,3998.5723
2017-06-01,"LIQUOR,WINE,BEER",3784.0,4808.4077
2017-06-02,"LIQUOR,WINE,BEER",7038.0,7685.731
2017-06-03,"LIQUOR,WINE,BEER",10453.0,9156.257
2017-06-04,"LIQUOR,WINE,BEER",3767.0,4658.5015
2017-06-05,"LIQUOR,WINE,BEER",2300.0,2970.0015
2017-06-06,"LIQUOR,WINE,BEER",2710.0,2364.97
2017-06-07,"LIQUOR,WINE,BEER",2934.0,3430.5051
2017-06-08,"LIQUOR,WINE,BEER",3266.0,3984.5767
2017-06-09,"LIQUOR,WINE,BEER",6325.0,6957.775
2017-06-10,"LIQUOR,WINE,BEER",8637.0,9829.6875
2017-06-11,"LIQUOR,WINE,BEER",4042.0,4527.943
2017-06-12,"LIQUOR,WINE,BEER",2054.0,3143.1204
2017-06-13,"LIQUOR,WINE,BEER",2565.0,2629.094
2017-06-14,"LIQUOR,WINE,BEER",3313.0,2907.7646
2017-06-15,"LIQUOR,WINE,BEER",4345.0,3868.5818
2017-06-16,"LIQUOR,WINE,BEER",9129.0,6944.5254
2017-06-17,"LIQUOR,WINE,BEER",13946.0,10081.6875
2017-06-18,"LIQUOR,WINE,BEER",8037.0,7793.9985
2017-06-19,"LIQUOR,WINE,BEER",2529.0,3573.5247
2017-06-20,"LIQUOR,WINE,BEER",3594.0,2776.6018
2017-06-21,"LIQUOR,WINE,BEER",4313.0,3850.4285
2017-06-22,"LIQUOR,WINE,BEER",3670.0,4432.778
2017-06-23,"LIQUOR,WINE,BEER",7451.0,6871.6196
2017-06-24,"LIQUOR,WINE,BEER",9230.0,10312.754
2017-06-25,"LIQUOR,WINE,BEER",4532.0,5451.2295
2017-06-26,"LIQUOR,WINE,BEER",2558.0,3130.9233
2017-06-27,"LIQUOR,WINE,BEER",2883.0,2902.6392
2017-06-28,"LIQUOR,WINE,BEER",3792.0,3745.0278
2017-06-29,"LIQUOR,WINE,BEER",4352.0,4085.6213
2017-06-30,"LIQUOR,WINE,BEER",7006.0,7093.9272
2017-07-01,"LIQUOR,WINE,BEER",10753.0,11812.536
2017-07-02,"LIQUOR,WINE,BEER",5021.0,5545.684
2017-07-03,"LIQUOR,WINE,BEER",2680.0,4202.398
2017-07-04,"LIQUOR,WINE,BEER",2892.0,3243.957
2017-07-05,"LIQUOR,WINE,BEER",3788.0,3834.23
2017-07-06,"LIQUOR,WINE,BEER",4004.0,4335.5522
2017-07-07,"LIQUOR,WINE,BEER",6638.0,6812.672
2017-07-08,"LIQUOR,WINE,BEER",9524.0,9669.414
2017-07-09,"LIQUOR,WINE,BEER",4176.0,4782.1494
2017-07-10,"LIQUOR,WINE,BEER",2523.0,3155.2927
2017-07-11,"LIQUOR,WINE,BEER",2584.0,2892.7827
2017-07-12,"LIQUOR,WINE,BEER",3323.0,3255.8875
2017-07-13,"LIQUOR,WINE,BEER",4572.0,4072.4973
2017-07-14,"LIQUOR,WINE,BEER",7131.0,6905.7153
2017-07-15,"LIQUOR,WINE,BEER",9612.0,10394.442
2017-07-16,"LIQUOR,WINE,BEER",4713.0,5341.0127
2017-07-17,"LIQUOR,WINE,BEER",2512.0,3258.2334
2017-07-18,"LIQUOR,WINE,BEER",2975.0,2724.1958
2017-07-19,"LIQUOR,WINE,BEER",3476.0,3695.3396
2017-07-20,"LIQUOR,WINE,BEER",4372.0,4316.254
2017-07-21,"LIQUOR,WINE,BEER",7617.0,6835.592
2017-07-22,"LIQUOR,WINE,BEER",9728.0,9938.056
2017-07-23,"LIQUOR,WINE,BEER",6039.0,5021.4634
2017-07-24,"LIQUOR,WINE,BEER",3299.0,4046.633
2017-07-25,"LIQUOR,WINE,BEER",3096.0,3687.3162
2017-07-26,"LIQUOR,WINE,BEER",3543.0,3748.015
2017-07-27,"LIQUOR,WINE,BEER",4441.0,4336.696
2017-07-28,"LIQUOR,WINE,BEER",7208.0,7033.049
2017-07-29,"LIQUOR,WINE,BEER",10349.0,10252.706
2017-07-30,"LIQUOR,WINE,BEER",4334.0,6232.039
2017-07-31,"LIQUOR,WINE,BEER",2796.0,3425.4275
2017-08-01,"LIQUOR,WINE,BEER",3702.0,3979.158
2017-08-02,"LIQUOR,WINE,BEER",4877.0,4096.8345
2017-08-03,"LIQUOR,WINE,BEER",4343.0,4828.11
2017-08-04,"LIQUOR,WINE,BEER",6839.0,7172.1484
2017-08-05,"LIQUOR,WINE,BEER",9242.0,10617.232
2017-08-06,"LIQUOR,WINE,BEER",4440.0,4847.6123
2017-08-07,"LIQUOR,WINE,BEER",2695.0,3407.4346
2017-08-08,"LIQUOR,WINE,BEER",3130.0,3515.1086
2017-08-09,"LIQUOR,WINE,BEER",3966.0,4197.3594
2017-08-10,"LIQUOR,WINE,BEER",6376.0,5085.729
2017-08-11,"LIQUOR,WINE,BEER",11033.0,8230.717
2017-08-12,"LIQUOR,WINE,BEER",10058.0,10298.991
2017-08-13,"LIQUOR,WINE,BEER",4294.0,4620.029
2017-08-14,"LIQUOR,WINE,BEER",2839.0,3267.0288
2017-08-15,"LIQUOR,WINE,BEER",3461.0,3950.1077
2017-05-17,MAGAZINES,246.0,269.80453
2017-05-18,MAGAZINES,251.0,251.57417
2017-05-19,MAGAZINES,377.0,291.4475
2017-05-20,MAGAZINES,502.0,491.7333
2017-05-21,MAGAZINES,513.0,424.02814
2017-05-22,MAGAZINES,311.0,288.66992
2017-05-23,MAGAZINES,304.0,264.1623
2017-05-24,MAGAZINES,306.0,288.91162
2017-05-25,MAGAZINES,321.0,265.4739
2017-05-26,MAGAZINES,492.0,352.39597
2017-05-27,MAGAZINES,373.0,447.0079
2017-05-28,MAGAZINES,358.0,409.89618
2017-05-29,MAGAZINES,261.0,294.80536
2017-05-30,MAGAZINES,214.0,265.87485
2017-05-31,MAGAZINES,239.0,273.77625
2017-06-01,MAGAZINES,280.0,335.64767
2017-06-02,MAGAZINES,270.0,305.0491
2017-06-03,MAGAZINES,356.0,343.89175
2017-06-04,MAGAZINES,396.0,381.75568
2017-06-05,MAGAZINES,253.0,262.50485
2017-06-06,MAGAZINES,282.0,198.45451
2017-06-07,MAGAZINES,283.0,207.6228
2017-06-08,MAGAZINES,290.0,180.75926
2017-06-09,MAGAZINES,414.0,208.22908
2017-06-10,MAGAZINES,593.0,407.64548
2017-06-11,MAGAZINES,557.0,407.3799
2017-06-12,MAGAZINES,365.0,284.05957
2017-06-13,MAGAZINES,328.0,280.7336
2017-06-14,MAGAZINES,305.0,284.36014
2017-06-15,MAGAZINES,348.0,289.5451
2017-06-16,MAGAZINES,470.0,380.70303
2017-06-17,MAGAZINES,602.0,467.2205
2017-06-18,MAGAZINES,461.0,423.45764
2017-06-19,MAGAZINES,312.0,335.04413
2017-06-20,MAGAZINES,293.0,302.79218
2017-06-21,MAGAZINES,272.0,277.2224
2017-06-22,MAGAZINES,251.0,259.0536
2017-06-23,MAGAZINES,323.0,338.63272
2017-06-24,MAGAZINES,376.0,423.8005
2017-06-25,MAGAZINES,324.0,374.06528
2017-06-26,MAGAZINES,248.0,248.7985
2017-06-27,MAGAZINES,200.0,212.20296
2017-06-28,MAGAZINES,202.0,199.94424
2017-06-29,MAGAZINES,164.0,192.06851
2017-06-30,MAGAZINES,206.0,252.96344
2017-07-01,MAGAZINES,292.0,405.54553
2017-07-02,MAGAZINES,259.0,225.6093
2017-07-03,MAGAZINES,167.0,265.1263
2017-07-04,MAGAZINES,159.0,161.2174
2017-07-05,MAGAZINES,160.0,140.27806
2017-07-06,MAGAZINES,308.0,143.77309
2017-07-07,MAGAZINES,426.0,218.74258
2017-07-08,MAGAZINES,584.0,498.21527
2017-07-09,MAGAZINES,506.0,312.71237
2017-07-10,MAGAZINES,364.0,258.45535
2017-07-11,MAGAZINES,309.0,268.09982
2017-07-12,MAGAZINES,315.0,266.6788
2017-07-13,MAGAZINES,298.0,285.20428
2017-07-14,MAGAZINES,364.0,323.55618
2017-07-15,MAGAZINES,447.0,410.4323
2017-07-16,MAGAZINES,443.0,403.79877
2017-07-17,MAGAZINES,312.0,326.22754
2017-07-18,MAGAZINES,253.0,288.88763
2017-07-19,MAGAZINES,298.0,264.6996
2017-07-20,MAGAZINES,335.0,294.0296
2017-07-21,MAGAZINES,428.0,335.3183
2017-07-22,MAGAZINES,543.0,408.9674
2017-07-23,MAGAZINES,474.0,387.3372
2017-07-24,MAGAZINES,344.0,408.8582
2017-07-25,MAGAZINES,293.0,358.74573
2017-07-26,MAGAZINES,276.0,269.37683
2017-07-27,MAGAZINES,291.0,259.1913
2017-07-28,MAGAZINES,320.0,295.3241
2017-07-29,MAGAZINES,352.0,395.36768
2017-07-30,MAGAZINES,346.0,383.69388
2017-07-31,MAGAZINES,245.0,324.78815
2017-08-01,MAGAZINES,275.0,345.7604
2017-08-02,MAGAZINES,247.0,262.14862
2017-08-03,MAGAZINES,167.0,234.85402
2017-08-04,MAGAZINES,298.0,234.40038
2017-08-05,MAGAZINES,509.0,330.77957
2017-08-06,MAGAZINES,505.0,311.57187
2017-08-07,MAGAZINES,460.0,264.165
2017-08-08,MAGAZINES,353.0,289.6724
2017-08-09,MAGAZINES,362.0,294.97217
2017-08-10,MAGAZINES,355.0,276.2939
2017-08-11,MAGAZINES,500.0,344.9219
2017-08-12,MAGAZINES,483.0,367.58752
2017-08-13,MAGAZINES,469.0,335.01727
2017-08-14,MAGAZINES,457.0,247.14003
2017-08-15,MAGAZINES,461.0,339.22488
2017-05-17,MEATS,17591.07,16936.752
2017-05-18,MEATS,18007.01,18106.016
2017-05-19,MEATS,26858.23,26944.805
2017-05-20,MEATS,21335.15,20937.729
2017-05-21,MEATS,23229.58,20655.299
2017-05-22,MEATS,16188.85,16114.2
2017-05-23,MEATS,15937.6,16037.966
2017-05-24,MEATS,16588.83,16742.344
2017-05-25,MEATS,17646.71,16769.12
2017-05-26,MEATS,30105.84,31344.705
2017-05-27,MEATS,19836.09,21198.871
2017-05-28,MEATS,20802.99,20168.611
2017-05-29,MEATS,16965.28,16268.277
2017-05-30,MEATS,15906.14,16458.74
2017-05-31,MEATS,16497.79,17155.133
2017-06-01,MEATS,20881.47,22624.008
2017-06-02,MEATS,32031.38,30841.398
2017-06-03,MEATS,23563.2,24677.232
2017-06-04,MEATS,27245.58,25603.516
2017-06-05,MEATS,18850.63,18440.342
2017-06-06,MEATS,17775.46,17700.135
2017-06-07,MEATS,17154.94,17589.182
2017-06-08,MEATS,19140.63,20117.545
2017-06-09,MEATS,28515.36,27740.79
2017-06-10,MEATS,20474.93,21979.713
2017-06-11,MEATS,24034.69,24659.422
2017-06-12,MEATS,15929.69,18031.201
2017-06-13,MEATS,15568.03,17031.371
2017-06-14,MEATS,15846.13,16430.13
2017-06-15,MEATS,19968.22,19585.498
2017-06-16,MEATS,31186.64,28901.598
2017-06-17,MEATS,24022.97,23470.814
2017-06-18,MEATS,19848.58,23413.61
2017-06-19,MEATS,16422.59,17452.379
2017-06-20,MEATS,18507.64,17774.34
2017-06-21,MEATS,16534.6,18608.998
2017-06-22,MEATS,18189.98,18336.03
2017-06-23,MEATS,28814.48,31439.447
2017-06-24,MEATS,20764.88,21086.426
2017-06-25,MEATS,22326.59,20416.422
2017-06-26,MEATS,16648.1,16103.691
2017-06-27,MEATS,15391.94,15935.65
2017-06-28,MEATS,15764.01,15701.791
2017-06-29,MEATS,18033.76,17455.955
2017-06-30,MEATS,29744.53,27246.93
2017-07-01,MEATS,26056.47,27924.555
2017-07-02,MEATS,27089.61,25757.537
2017-07-03,MEATS,19070.99,20780.445
2017-07-04,MEATS,17678.74,19017.639
2017-07-05,MEATS,19235.92,18065.32
2017-07-06,MEATS,19707.82,18772.12
2017-07-07,MEATS,28892.84,29391.797
2017-07-08,MEATS,20379.48,21241.814
2017-07-09,MEATS,22313.41,21393.951
2017-07-10,MEATS,16261.31,16607.982
2017-07-11,MEATS,16907.25,15580.277
2017-07-12,MEATS,16141.34,16301.612
2017-07-13,MEATS,18059.29,17170.195
2017-07-14,MEATS,27462.49,26065.805
2017-07-15,MEATS,20325.59,21350.723
2017-07-16,MEATS,21527.67,21242.121
2017-07-17,MEATS,18332.12,16699.428
2017-07-18,MEATS,16981.97,16863.707
2017-07-19,MEATS,16778.92,16649.135
2017-07-20,MEATS,18586.37,17765.533
2017-07-21,MEATS,29939.54,27668.656
2017-07-22,MEATS,20568.18,21089.422
2017-07-23,MEATS,22392.81,21389.256
2017-07-24,MEATS,18858.24,17716.535
2017-07-25,MEATS,16672.49,17022.666
2017-07-26,MEATS,16620.19,16085.264
2017-07-27,MEATS,18518.61,17027.822
2017-07-28,MEATS,27798.67,28465.26
2017-07-29,MEATS,20238.53,20681.787
2017-07-30,MEATS,21829.52,22198.408
2017-07-31,MEATS,18101.9,19414.316
2017-08-01,MEATS,21091.87,21442.803
2017-08-02,MEATS,20151.56,19365.086
2017-08-03,MEATS,20418.52,20462.078
2017-08-04,MEATS,29885.14,30693.252
2017-08-05,MEATS,21418.27,22368.828
2017-08-06,MEATS,22116.61,21856.605
2017-08-07,MEATS,17640.58,17240.03
2017-08-08,MEATS,15925.59,16663.39
2017-08-09,MEATS,16879.2,16429.559
2017-08-10,MEATS,19184.97,17853.314
2017-08-11,MEATS,26944.12,32714.43
2017-08-12,MEATS,17775.7,19459.04
2017-08-13,MEATS,18633.07,19387.445
2017-08-14,MEATS,16975.72,16494.682
2017-08-15,MEATS,17928.18,17392.48
2017-05-17,PERSONAL CARE,14583.0,14396.526
2017-05-18,PERSONAL CARE,11619.0,12697.559
2017-05-19,PERSONAL CARE,12673.0,12238.715
2017-05-20,PERSONAL CARE,21573.0,19823.184
2017-05-21,PERSONAL CARE,25085.0,21654.467
2017-05-22,PERSONAL CARE,15214.0,15387.234
2017-05-23,PERSONAL CARE,13941.0,14118.788
2017-05-24,PERSONAL CARE,12341.0,13997.5205
2017-05-25,PERSONAL CARE,10596.0,11110.534
2017-05-26,PERSONAL CARE,18600.0,13925.543
2017-05-27,PERSONAL CARE,19305.0,22112.4
2017-05-28,PERSONAL CARE,22223.0,21359.691
2017-05-29,PERSONAL CARE,14832.0,15742.279
2017-05-30,PERSONAL CARE,13512.0,15363.386
2017-05-31,PERSONAL CARE,14598.0,16899.387
2017-06-01,PERSONAL CARE,16360.0,16620.08
2017-06-02,PERSONAL CARE,19431.0,18359.41
2017-06-03,PERSONAL CARE,28530.0,25604.916
2017-06-04,PERSONAL CARE,34184.0,29879.855
2017-06-05,PERSONAL CARE,19964.0,20708.395
2017-06-06,PERSONAL CARE,17961.0,15307.866
2017-06-07,PERSONAL CARE,16871.0,15191.551
2017-06-08,PERSONAL CARE,14165.0,13827.705
2017-06-09,PERSONAL CARE,13856.0,15497.225
2017-06-10,PERSONAL CARE,21780.0,19530.625
2017-06-11,PERSONAL CARE,26649.0,22626.746
2017-06-12,PERSONAL CARE,15649.0,15513.949
2017-06-13,PERSONAL CARE,14008.0,14446.893
2017-06-14,PERSONAL CARE,13511.0,13395.929
2017-06-15,PERSONAL CARE,12646.0,12651.323
2017-06-16,PERSONAL CARE,14808.0,14468.748
2017-06-17,PERSONAL CARE,21249.0,22213.102
2017-06-18,PERSONAL CARE,19308.0,24446.602
2017-06-19,PERSONAL CARE,17556.0,15685.626
2017-06-20,PERSONAL CARE,16237.0,15352.005
2017-06-21,PERSONAL CARE,13816.0,14784.317
2017-06-22,PERSONAL CARE,10871.0,11898.297
2017-06-23,PERSONAL CARE,11919.0,15190.294
2017-06-24,PERSONAL CARE,19279.0,19360.05
2017-06-25,PERSONAL CARE,22413.0,21102.988
2017-06-26,PERSONAL CARE,14067.0,14707.787
2017-06-27,PERSONAL CARE,12419.0,13129.671
2017-06-28,PERSONAL CARE,12167.0,12219.352
2017-06-29,PERSONAL CARE,11440.0,11719.647
2017-06-30,PERSONAL CARE,14371.0,13771.512
2017-07-01,PERSONAL CARE,28906.0,31437.527
2017-07-02,PERSONAL CARE,31447.0,29705.45
2017-07-03,PERSONAL CARE,20129.0,22645.854
2017-07-04,PERSONAL CARE,17806.0,18092.93
2017-07-05,PERSONAL CARE,15321.0,16823.994
2017-07-06,PERSONAL CARE,12799.0,13243.713
2017-07-07,PERSONAL CARE,12900.0,13061.234
2017-07-08,PERSONAL CARE,19561.0,19848.148
2017-07-09,PERSONAL CARE,22902.0,23210.268
2017-07-10,PERSONAL CARE,14798.0,15020.085
2017-07-11,PERSONAL CARE,12309.0,13487.497
2017-07-12,PERSONAL CARE,12160.0,12177.663
2017-07-13,PERSONAL CARE,11265.0,11113.607
2017-07-14,PERSONAL CARE,12443.0,12118.68
2017-07-15,PERSONAL CARE,20552.0,18792.467
2017-07-16,PERSONAL CARE,23450.0,21805.697
2017-07-17,PERSONAL CARE,16488.0,16479.342
2017-07-18,PERSONAL CARE,14632.0,14576.956
2017-07-19,PERSONAL CARE,14002.0,13286.315
2017-07-20,PERSONAL CARE,13282.0,12021.576
2017-07-21,PERSONAL CARE,14559.0,12495.405
2017-07-22,PERSONAL CARE,18575.0,18511.707
2017-07-23,PERSONAL CARE,22385.0,21755.25
2017-07-24,PERSONAL CARE,17042.0,15861.865
2017-07-25,PERSONAL CARE,13915.0,15419.555
2017-07-26,PERSONAL CARE,14471.0,12339.208
2017-07-27,PERSONAL CARE,11769.0,12064.379
2017-07-28,PERSONAL CARE,13939.0,13204.17
2017-07-29,PERSONAL CARE,22057.0,19782.898
2017-07-30,PERSONAL CARE,24777.0,24062.748
2017-07-31,PERSONAL CARE,18664.0,20195.66
2017-08-01,PERSONAL CARE,22839.0,20716.766
2017-08-02,PERSONAL CARE,22275.0,18170.252
2017-08-03,PERSONAL CARE,15417.0,15675.451
2017-08-04,PERSONAL CARE,15392.0,15241.753
2017-08-05,PERSONAL CARE,21176.0,22310.75
2017-08-06,PERSONAL CARE,24398.0,24213.06
2017-08-07,PERSONAL CARE,17716.0,16306.665
2017-08-08,PERSONAL CARE,14118.0,15087.816
2017-08-09,PERSONAL CARE,14098.0,13717.526
2017-08-10,PERSONAL CARE,11605.0,12598.038
2017-08-11,PERSONAL CARE,15978.0,13296.776
2017-08-12,PERSONAL CARE,15903.0,18757.47
2017-08-13,PERSONAL CARE,18188.0,20211.682
2017-08-14,PERSONAL CARE,15077.0,16060.765
2017-08-15,PERSONAL CARE,14787.0,15407.094
2017-05-17,PET SUPPLIES,432.0,384.28012
2017-05-18,PET SUPPLIES,424.0,350.89426
2017-05-19,PET SUPPLIES,448.0,387.4923
2017-05-20,PET SUPPLIES,682.0,666.86835
2017-05-21,PET SUPPLIES,752.0,539.5458
2017-05-22,PET SUPPLIES,427.0,342.55267
2017-05-23,PET SUPPLIES,415.0,349.09277
2017-05-24,PET SUPPLIES,358.0,382.75397
2017-05-25,PET SUPPLIES,364.0,331.9946
2017-05-26,PET SUPPLIES,496.0,385.18414
2017-05-27,PET SUPPLIES,461.0,651.20013
2017-05-28,PET SUPPLIES,578.0,582.3002
2017-05-29,PET SUPPLIES,394.0,340.92883
2017-05-30,PET SUPPLIES,394.0,357.69562
2017-05-31,PET SUPPLIES,465.0,370.62592
2017-06-01,PET SUPPLIES,431.0,524.16644
2017-06-02,PET SUPPLIES,504.0,420.15048
2017-06-03,PET SUPPLIES,814.0,531.38074
2017-06-04,PET SUPPLIES,862.0,600.59625
2017-06-05,PET SUPPLIES,471.0,417.38675
2017-06-06,PET SUPPLIES,402.0,371.8054
2017-06-07,PET SUPPLIES,395.0,370.6319
2017-06-08,PET SUPPLIES,389.0,324.08957
2017-06-09,PET SUPPLIES,446.0,357.1073
2017-06-10,PET SUPPLIES,571.0,591.95886
2017-06-11,PET SUPPLIES,734.0,588.6431
2017-06-12,PET SUPPLIES,461.0,325.0717
2017-06-13,PET SUPPLIES,401.0,336.15134
2017-06-14,PET SUPPLIES,436.0,359.86655
2017-06-15,PET SUPPLIES,434.0,349.94183
2017-06-16,PET SUPPLIES,447.0,404.71152
2017-06-17,PET SUPPLIES,739.0,522.7216
2017-06-18,PET SUPPLIES,664.0,631.61865
2017-06-19,PET SUPPLIES,417.0,340.64276
2017-06-20,PET SUPPLIES,443.0,358.49115
2017-06-21,PET SUPPLIES,421.0,385.52927
2017-06-22,PET SUPPLIES,368.0,364.2465
2017-06-23,PET SUPPLIES,405.0,406.98495
2017-06-24,PET SUPPLIES,647.0,598.7869
2017-06-25,PET SUPPLIES,599.0,614.77325
2017-06-26,PET SUPPLIES,350.0,339.19278
2017-06-27,PET SUPPLIES,358.0,337.4093
2017-06-28,PET SUPPLIES,450.0,359.2141
2017-06-29,PET SUPPLIES,391.0,367.42462
2017-06-30,PET SUPPLIES,481.0,385.734
2017-07-01,PET SUPPLIES,843.0,976.59766
2017-07-02,PET SUPPLIES,837.0,528.1682
2017-07-03,PET SUPPLIES,525.0,532.863
2017-07-04,PET SUPPLIES,457.0,380.3892
2017-07-05,PET SUPPLIES,490.0,425.89127
2017-07-06,PET SUPPLIES,407.0,373.3495
2017-07-07,PET SUPPLIES,443.0,382.0981
2017-07-08,PET SUPPLIES,627.0,657.9934
2017-07-09,PET SUPPLIES,697.0,554.0727
2017-07-10,PET SUPPLIES,475.0,325.0317
2017-07-11,PET SUPPLIES,358.0,347.70413
2017-07-12,PET SUPPLIES,363.0,343.04736
2017-07-13,PET SUPPLIES,337.0,322.49344
2017-07-14,PET SUPPLIES,396.0,326.83133
2017-07-15,PET SUPPLIES,581.0,603.66833
2017-07-16,PET SUPPLIES,641.0,620.54865
2017-07-17,PET SUPPLIES,379.0,341.10876
2017-07-18,PET SUPPLIES,347.0,322.6274
2017-07-19,PET SUPPLIES,362.0,358.44186
2017-07-20,PET SUPPLIES,328.0,332.46716
2017-07-21,PET SUPPLIES,399.0,344.60104
2017-07-22,PET SUPPLIES,492.0,502.96744
2017-07-23,PET SUPPLIES,602.0,609.6351
2017-07-24,PET SUPPLIES,454.0,421.6901
2017-07-25,PET SUPPLIES,352.0,419.23804
2017-07-26,PET SUPPLIES,363.0,355.259
2017-07-27,PET SUPPLIES,350.0,327.54367
2017-07-28,PET SUPPLIES,390.0,361.35284
2017-07-29,PET SUPPLIES,628.0,422.13116
2017-07-30,PET SUPPLIES,655.0,511.58755
2017-07-31,PET SUPPLIES,425.0,389.96826
2017-08-01,PET SUPPLIES,449.0,534.4585
2017-08-02,PET SUPPLIES,446.0,418.29016
2017-08-03,PET SUPPLIES,430.0,361.9609
2017-08-04,PET SUPPLIES,390.0,385.58084
2017-08-05,PET SUPPLIES,597.0,553.02313
2017-08-06,PET SUPPLIES,622.0,512.6336
2017-08-07,PET SUPPLIES,387.0,337.47235
2017-08-08,PET SUPPLIES,378.0,316.6014
2017-08-09,PET SUPPLIES,392.0,340.31116
2017-08-10,PET SUPPLIES,350.0,328.2057
2017-08-11,PET SUPPLIES,587.0,365.72714
2017-08-12,PET SUPPLIES,508.0,447.8504
2017-08-13,PET SUPPLIES,541.0,542.4846
2017-08-14,PET SUPPLIES,417.0,248.09166
2017-08-15,PET SUPPLIES,364.0,355.33197
2017-05-17,PLAYERS AND ELECTRONICS,588.0,569.4831
2017-05-18,PLAYERS AND ELECTRONICS,482.0,488.49646
2017-05-19,PLAYERS AND ELECTRONICS,535.0,522.4633
2017-05-20,PLAYERS AND ELECTRONICS,838.0,805.4378
2017-05-21,PLAYERS AND ELECTRONICS,1062.0,850.1465
2017-05-22,PLAYERS AND ELECTRONICS,630.0,553.41064
2017-05-23,PLAYERS AND ELECTRONICS,529.0,489.04587
2017-05-24,PLAYERS AND ELECTRONICS,509.0,519.4324
2017-05-25,PLAYERS AND ELECTRONICS,437.0,476.1263
2017-05-26,PLAYERS AND ELECTRONICS,801.0,538.565
2017-05-27,PLAYERS AND ELECTRONICS,762.0,849.9987
2017-05-28,PLAYERS AND ELECTRONICS,914.0,901.53076
2017-05-29,PLAYERS AND ELECTRONICS,506.0,675.09595
2017-05-30,PLAYERS AND ELECTRONICS,475.0,504.5766
2017-05-31,PLAYERS AND ELECTRONICS,599.0,526.63806
2017-06-01,PLAYERS AND ELECTRONICS,554.0,675.1763
2017-06-02,PLAYERS AND ELECTRONICS,604.0,715.98016
2017-06-03,PLAYERS AND ELECTRONICS,863.0,804.0862
2017-06-04,PLAYERS AND ELECTRONICS,1045.0,934.2591
2017-06-05,PLAYERS AND ELECTRONICS,596.0,631.07477
2017-06-06,PLAYERS AND ELECTRONICS,516.0,496.57547
2017-06-07,PLAYERS AND ELECTRONICS,554.0,530.14374
2017-06-08,PLAYERS AND ELECTRONICS,509.0,468.6475
2017-06-09,PLAYERS AND ELECTRONICS,520.0,580.7249
2017-06-10,PLAYERS AND ELECTRONICS,800.0,788.985
2017-06-11,PLAYERS AND ELECTRONICS,989.0,1014.204
2017-06-12,PLAYERS AND ELECTRONICS,583.0,534.1991
2017-06-13,PLAYERS AND ELECTRONICS,493.0,460.92172
2017-06-14,PLAYERS AND ELECTRONICS,494.0,489.43115
2017-06-15,PLAYERS AND ELECTRONICS,502.0,474.71228
2017-06-16,PLAYERS AND ELECTRONICS,526.0,539.6825
2017-06-17,PLAYERS AND ELECTRONICS,858.0,798.5081
2017-06-18,PLAYERS AND ELECTRONICS,788.0,896.12854
2017-06-19,PLAYERS AND ELECTRONICS,509.0,479.00165
2017-06-20,PLAYERS AND ELECTRONICS,545.0,371.57593
2017-06-21,PLAYERS AND ELECTRONICS,543.0,506.44452
2017-06-22,PLAYERS AND ELECTRONICS,451.0,486.69327
2017-06-23,PLAYERS AND ELECTRONICS,529.0,560.3659
2017-06-24,PLAYERS AND ELECTRONICS,724.0,801.20526
2017-06-25,PLAYERS AND ELECTRONICS,839.0,642.8207
2017-06-26,PLAYERS AND ELECTRONICS,536.0,410.18344
2017-06-27,PLAYERS AND ELECTRONICS,464.0,370.2816
2017-06-28,PLAYERS AND ELECTRONICS,507.0,392.08643
2017-06-29,PLAYERS AND ELECTRONICS,437.0,380.5094
2017-06-30,PLAYERS AND ELECTRONICS,491.0,444.14352
2017-07-01,PLAYERS AND ELECTRONICS,939.0,1009.94714
2017-07-02,PLAYERS AND ELECTRONICS,1022.0,829.3415
2017-07-03,PLAYERS AND ELECTRONICS,635.0,683.046
2017-07-04,PLAYERS AND ELECTRONICS,635.0,519.7796
2017-07-05,PLAYERS AND ELECTRONICS,605.0,635.7834
2017-07-06,PLAYERS AND ELECTRONICS,471.0,498.1196
2017-07-07,PLAYERS AND ELECTRONICS,584.0,500.88263
2017-07-08,PLAYERS AND ELECTRONICS,737.0,804.27893
2017-07-09,PLAYERS AND ELECTRONICS,846.0,792.8144
2017-07-10,PLAYERS AND ELECTRONICS,539.0,647.0366
2017-07-11,PLAYERS AND ELECTRONICS,558.0,614.86206
2017-07-12,PLAYERS AND ELECTRONICS,523.0,498.13538
2017-07-13,PLAYERS AND ELECTRONICS,424.0,465.6737
2017-07-14,PLAYERS AND ELECTRONICS,507.0,511.92395
2017-07-15,PLAYERS AND ELECTRONICS,800.0,638.82837
2017-07-16,PLAYERS AND ELECTRONICS,899.0,852.24457
2017-07-17,PLAYERS AND ELECTRONICS,565.0,590.24207
2017-07-18,PLAYERS AND ELECTRONICS,509.0,545.097
2017-07-19,PLAYERS AND ELECTRONICS,544.0,505.32294
2017-07-20,PLAYERS AND ELECTRONICS,561.0,488.47934
2017-07-21,PLAYERS AND ELECTRONICS,526.0,517.7862
2017-07-22,PLAYERS AND ELECTRONICS,716.0,763.328
2017-07-23,PLAYERS AND ELECTRONICS,820.0,749.8854
2017-07-24,PLAYERS AND ELECTRONICS,517.0,610.39087
2017-07-25,PLAYERS AND ELECTRONICS,458.0,560.1155
2017-07-26,PLAYERS AND ELECTRONICS,502.0,393.72998
2017-07-27,PLAYERS AND ELECTRONICS,531.0,378.8467
2017-07-28,PLAYERS AND ELECTRONICS,538.0,405.37164
2017-07-29,PLAYERS AND ELECTRONICS,824.0,655.4945
2017-07-30,PLAYERS AND ELECTRONICS,876.0,837.07336
2017-07-31,PLAYERS AND ELECTRONICS,594.0,572.6442
2017-08-01,PLAYERS AND ELECTRONICS,647.0,697.2943
2017-08-02,PLAYERS AND ELECTRONICS,615.0,546.3358
2017-08-03,PLAYERS AND ELECTRONICS,516.0,506.53934
2017-08-04,PLAYERS AND ELECTRONICS,567.0,522.87537
2017-08-05,PLAYERS AND ELECTRONICS,800.0,772.7585
2017-08-06,PLAYERS AND ELECTRONICS,860.0,774.1885
2017-08-07,PLAYERS AND ELECTRONICS,633.0,534.37994
2017-08-08,PLAYERS AND ELECTRONICS,494.0,602.16925
2017-08-09,PLAYERS AND ELECTRONICS,596.0,498.67432
2017-08-10,PLAYERS AND ELECTRONICS,563.0,472.33762
2017-08-11,PLAYERS AND ELECTRONICS,654.0,521.4316
2017-08-12,PLAYERS AND ELECTRONICS,712.0,707.1176
2017-08-13,PLAYERS AND ELECTRONICS,741.0,688.7239
2017-08-14,PLAYERS AND ELECTRONICS,500.0,509.90485
2017-08-15,PLAYERS AND ELECTRONICS,592.0,542.85864
2017-05-17,POULTRY,18491.02,18241.988
2017-05-18,POULTRY,14708.29,16002.737
2017-05-19,POULTRY,26146.38,27495.482
2017-05-20,POULTRY,23716.2,25149.508
2017-05-21,POULTRY,27370.95,24570.078
2017-05-22,POULTRY,18623.6,17838.893
2017-05-23,POULTRY,17434.3,17073.666
2017-05-24,POULTRY,16994.58,17470.879
2017-05-25,POULTRY,15537.24,14737.968
2017-05-26,POULTRY,30421.28,30317.3
2017-05-27,POULTRY,21791.19,24353.307
2017-05-28,POULTRY,24913.83,23273.02
2017-05-29,POULTRY,17966.31,18060.926
2017-05-30,POULTRY,16476.28,17556.342
2017-05-31,POULTRY,18770.17,18081.918
2017-06-01,POULTRY,18421.86,19239.217
2017-06-02,POULTRY,36954.98,29124.773
2017-06-03,POULTRY,28449.68,27555.635
2017-06-04,POULTRY,33144.62,29048.271
2017-06-05,POULTRY,22139.39,22344.33
2017-06-06,POULTRY,18327.63,17666.893
2017-06-07,POULTRY,18714.42,18554.027
2017-06-08,POULTRY,15569.48,15647.643
2017-06-09,POULTRY,32047.34,28284.412
2017-06-10,POULTRY,23426.69,27539.81
2017-06-11,POULTRY,27976.83,25272.383
2017-06-12,POULTRY,18191.72,18232.55
2017-06-13,POULTRY,15998.15,16439.857
2017-06-14,POULTRY,16752.21,17118.22
2017-06-15,POULTRY,16020.14,15030.228
2017-06-16,POULTRY,31805.0,29948.87
2017-06-17,POULTRY,26578.0,25222.615
2017-06-18,POULTRY,22006.37,27205.018
2017-06-19,POULTRY,18342.32,18028.576
2017-06-20,POULTRY,17911.1,17403.773
2017-06-21,POULTRY,17346.23,17098.857
2017-06-22,POULTRY,13359.69,15713.502
2017-06-23,POULTRY,27331.42,30402.191
2017-06-24,POULTRY,22694.91,24571.717
2017-06-25,POULTRY,25796.25,24443.303
2017-06-26,POULTRY,17625.58,17066.041
2017-06-27,POULTRY,16214.6,16169.83
2017-06-28,POULTRY,16405.72,16310.633
2017-06-29,POULTRY,14084.86,15021.072
2017-06-30,POULTRY,29025.73,27121.887
2017-07-01,POULTRY,29361.73,31090.018
2017-07-02,POULTRY,30549.16,28057.75
2017-07-03,POULTRY,21682.87,23367.863
2017-07-04,POULTRY,19021.04,19571.953
2017-07-05,POULTRY,19184.33,19290.037
2017-07-06,POULTRY,16472.17,15969.04
2017-07-07,POULTRY,29941.41,29051.812
2017-07-08,POULTRY,23304.39,26019.256
2017-07-09,POULTRY,26372.17,24891.033
2017-07-10,POULTRY,18755.4,18401.143
2017-07-11,POULTRY,17316.78,16695.697
2017-07-12,POULTRY,17129.21,16799.623
2017-07-13,POULTRY,14511.61,15142.232
2017-07-14,POULTRY,29292.73,26874.426
2017-07-15,POULTRY,23068.14,25323.578
2017-07-16,POULTRY,26360.78,25681.146
2017-07-17,POULTRY,19405.11,18867.771
2017-07-18,POULTRY,17261.56,17723.598
2017-07-19,POULTRY,16819.65,17168.965
2017-07-20,POULTRY,16190.37,15214.213
2017-07-21,POULTRY,28327.86,28564.734
2017-07-22,POULTRY,22272.36,23282.125
2017-07-23,POULTRY,25999.14,25267.14
2017-07-24,POULTRY,19464.67,19194.742
2017-07-25,POULTRY,16769.65,17216.752
2017-07-26,POULTRY,16548.7,16349.151
2017-07-27,POULTRY,14552.32,14739.897
2017-07-28,POULTRY,28521.3,27789.03
2017-07-29,POULTRY,22477.1,23379.38
2017-07-30,POULTRY,25089.27,25069.139
2017-07-31,POULTRY,19707.66,20177.1
2017-08-01,POULTRY,21794.47,21850.062
2017-08-02,POULTRY,20374.97,19971.9
2017-08-03,POULTRY,17087.55,17838.174
2017-08-04,POULTRY,28808.86,29461.217
2017-08-05,POULTRY,22488.54,25388.475
2017-08-06,POULTRY,25088.24,26369.418
2017-08-07,POULTRY,18578.81,18282.174
2017-08-08,POULTRY,16944.15,17345.744
2017-08-09,POULTRY,16484.61,16498.041
2017-08-10,POULTRY,15056.3,14974.1045
2017-08-11,POULTRY,25318.29,28659.93
2017-08-12,POULTRY,19134.52,21751.611
2017-08-13,POULTRY,20509.31,22514.72
2017-08-14,POULTRY,18597.54,17069.861
2017-08-15,POULTRY,17586.69,17879.389
2017-05-17,PREPARED FOODS,4738.09,4584.2837
2017-05-18,PREPARED FOODS,4109.02,4222.9565
2017-05-19,PREPARED FOODS,4807.19,4626.359
2017-05-20,PREPARED FOODS,5848.9,6013.842
2017-05-21,PREPARED FOODS,6240.45,5790.48
2017-05-22,PREPARED FOODS,4286.55,4503.3535
2017-05-23,PREPARED FOODS,4370.04,4046.415
2017-05-24,PREPARED FOODS,4523.85,4598.261
2017-05-25,PREPARED FOODS,3777.03,4067.232
2017-05-26,PREPARED FOODS,5644.91,4955.8003
2017-05-27,PREPARED FOODS,5532.08,6080.449
2017-05-28,PREPARED FOODS,5847.77,5759.168
2017-05-29,PREPARED FOODS,4691.88,4518.318
2017-05-30,PREPARED FOODS,4179.68,4566.086
2017-05-31,PREPARED FOODS,4916.41,4523.746
2017-06-01,PREPARED FOODS,4643.43,4406.849
2017-06-02,PREPARED FOODS,5089.77,5409.2773
2017-06-03,PREPARED FOODS,6186.5,6248.117
2017-06-04,PREPARED FOODS,6360.47,6374.5366
2017-06-05,PREPARED FOODS,4042.54,4776.932
2017-06-06,PREPARED FOODS,4447.11,4093.9075
2017-06-07,PREPARED FOODS,4905.76,4484.838
2017-06-08,PREPARED FOODS,4184.54,4165.92
2017-06-09,PREPARED FOODS,5003.73,5149.32
2017-06-10,PREPARED FOODS,5663.72,5989.027
2017-06-11,PREPARED FOODS,6181.27,5830.2417
2017-06-12,PREPARED FOODS,4552.04,4445.4688
2017-06-13,PREPARED FOODS,4477.04,4238.366
2017-06-14,PREPARED FOODS,4636.02,4684.946
2017-06-15,PREPARED FOODS,4459.96,4295.632
2017-06-16,PREPARED FOODS,5001.45,5159.683
2017-06-17,PREPARED FOODS,5974.24,5894.6313
2017-06-18,PREPARED FOODS,4986.62,6175.4956
2017-06-19,PREPARED FOODS,4527.6,4146.887
2017-06-20,PREPARED FOODS,4571.31,4319.7
2017-06-21,PREPARED FOODS,4717.76,4546.8438
2017-06-22,PREPARED FOODS,4255.86,4184.304
2017-06-23,PREPARED FOODS,4544.58,5526.8374
2017-06-24,PREPARED FOODS,5469.49,5826.181
2017-06-25,PREPARED FOODS,6169.46,5828.077
2017-06-26,PREPARED FOODS,4463.23,4422.3833
2017-06-27,PREPARED FOODS,4126.63,4249.8276
2017-06-28,PREPARED FOODS,4497.45,4494.7734
2017-06-29,PREPARED FOODS,4285.57,4376.801
2017-06-30,PREPARED FOODS,4828.75,4948.2573
2017-07-01,PREPARED FOODS,6604.63,6572.945
2017-07-02,PREPARED FOODS,6648.93,6246.4004
2017-07-03,PREPARED FOODS,5056.87,5033.8384
2017-07-04,PREPARED FOODS,4757.39,4594.7227
2017-07-05,PREPARED FOODS,4776.59,4850.9165
2017-07-06,PREPARED FOODS,4376.02,4400.381
2017-07-07,PREPARED FOODS,4742.89,4826.2505
2017-07-08,PREPARED FOODS,5432.17,5990.882
2017-07-09,PREPARED FOODS,5487.48,6168.2627
2017-07-10,PREPARED FOODS,4577.21,4606.1562
2017-07-11,PREPARED FOODS,4100.17,4268.7
2017-07-12,PREPARED FOODS,4523.84,4348.9697
2017-07-13,PREPARED FOODS,4052.7,4356.4805
2017-07-14,PREPARED FOODS,4433.83,4796.6313
2017-07-15,PREPARED FOODS,5292.94,5844.294
2017-07-16,PREPARED FOODS,5534.08,5596.873
2017-07-17,PREPARED FOODS,4759.15,4608.2607
2017-07-18,PREPARED FOODS,4322.95,4358.201
2017-07-19,PREPARED FOODS,4503.01,4438.289
2017-07-20,PREPARED FOODS,4150.79,4193.072
2017-07-21,PREPARED FOODS,4550.71,4660.586
2017-07-22,PREPARED FOODS,5374.46,5544.0723
2017-07-23,PREPARED FOODS,5573.28,5843.9478
2017-07-24,PREPARED FOODS,4823.32,4670.0493
2017-07-25,PREPARED FOODS,4129.0,4366.847
2017-07-26,PREPARED FOODS,4456.43,4289.5674
2017-07-27,PREPARED FOODS,4168.79,3955.7397
2017-07-28,PREPARED FOODS,4722.63,4609.721
2017-07-29,PREPARED FOODS,5408.95,5651.768
2017-07-30,PREPARED FOODS,5507.54,5854.4883
2017-07-31,PREPARED FOODS,4573.76,4739.8613
2017-08-01,PREPARED FOODS,4743.22,4998.919
2017-08-02,PREPARED FOODS,4791.78,5088.626
2017-08-03,PREPARED FOODS,4167.34,4461.4644
2017-08-04,PREPARED FOODS,4961.9,4785.0205
2017-08-05,PREPARED FOODS,5420.8,5929.7666
2017-08-06,PREPARED FOODS,5521.41,5771.83
2017-08-07,PREPARED FOODS,4677.9,4585.6294
2017-08-08,PREPARED FOODS,4176.63,4241.768
2017-08-09,PREPARED FOODS,4579.03,4347.567
2017-08-10,PREPARED FOODS,4254.75,4205.3906
2017-08-11,PREPARED FOODS,5199.52,5055.924
2017-08-12,PREPARED FOODS,4573.47,5491.4854
2017-08-13,PREPARED FOODS,4941.54,5535.3154
2017-08-14,PREPARED FOODS,4647.4,4200.2905
2017-08-15,PREPARED FOODS,4641.53,4303.8564
2017-05-17,PRODUCE,166802.77,160714.47
2017-05-18,PRODUCE,91756.93,92484.55
2017-05-19,PRODUCE,111261.82,112304.13
2017-05-20,PRODUCE,142857.93,146134.72
2017-05-21,PRODUCE,169556.52,146936.48
2017-05-22,PRODUCE,115290.95,113952.22
2017-05-23,PRODUCE,120140.43,123292.7
2017-05-24,PRODUCE,150621.89,158511.95
2017-05-25,PRODUCE,93178.11,89807.0
2017-05-26,PRODUCE,136728.92,121600.05
2017-05-27,PRODUCE,127602.97,141061.1
2017-05-28,PRODUCE,148853.4,141428.7
2017-05-29,PRODUCE,117128.73,115064.66
2017-05-30,PRODUCE,124015.74,130710.125
2017-05-31,PRODUCE,160848.4,174600.28
2017-06-01,PRODUCE,105935.33,106792.26
2017-06-02,PRODUCE,123526.8,117381.01
2017-06-03,PRODUCE,149040.94,153567.05
2017-06-04,PRODUCE,180153.65,153787.6
2017-06-05,PRODUCE,122218.8,115211.76
2017-06-06,PRODUCE,127029.63,123973.71
2017-06-07,PRODUCE,165268.46,157818.66
2017-06-08,PRODUCE,92185.76,102525.74
2017-06-09,PRODUCE,112965.04,112685.35
2017-06-10,PRODUCE,133761.42,137438.73
2017-06-11,PRODUCE,166294.0,148580.03
2017-06-12,PRODUCE,114176.81,113488.5
2017-06-13,PRODUCE,123017.51,120129.34
2017-06-14,PRODUCE,159293.11,151764.27
2017-06-15,PRODUCE,97013.28,93062.31
2017-06-16,PRODUCE,124173.99,108998.31
2017-06-17,PRODUCE,165171.24,144100.44
2017-06-18,PRODUCE,137194.5,145227.27
2017-06-19,PRODUCE,118277.11,110602.6
2017-06-20,PRODUCE,129791.28,125982.67
2017-06-21,PRODUCE,156459.3,158643.56
2017-06-22,PRODUCE,90698.88,93624.57
2017-06-23,PRODUCE,112962.62,116075.445
2017-06-24,PRODUCE,138565.73,137369.28
2017-06-25,PRODUCE,155953.94,144291.84
2017-06-26,PRODUCE,113866.4,110660.17
2017-06-27,PRODUCE,118274.77,118431.664
2017-06-28,PRODUCE,154675.0,147836.75
2017-06-29,PRODUCE,92482.72,91298.41
2017-06-30,PRODUCE,113161.59,107868.51
2017-07-01,PRODUCE,155487.66,170737.83
2017-07-02,PRODUCE,172890.16,163929.78
2017-07-03,PRODUCE,130389.23,141653.83
2017-07-04,PRODUCE,131534.6,142015.39
2017-07-05,PRODUCE,163804.35,163819.5
2017-07-06,PRODUCE,99395.64,96571.445
2017-07-07,PRODUCE,114346.6,109160.81
2017-07-08,PRODUCE,139294.84,142514.11
2017-07-09,PRODUCE,156633.98,150570.3
2017-07-10,PRODUCE,118857.02,110959.13
2017-07-11,PRODUCE,122176.37,124258.44
2017-07-12,PRODUCE,152978.43,153794.97
2017-07-13,PRODUCE,92111.34,92083.5
2017-07-14,PRODUCE,110263.12,107979.89
2017-07-15,PRODUCE,133166.77,140603.64
2017-07-16,PRODUCE,157883.11,152625.67
2017-07-17,PRODUCE,119026.46,120979.51
2017-07-18,PRODUCE,118281.42,123097.445
2017-07-19,PRODUCE,150952.71,150694.42
2017-07-20,PRODUCE,97593.19,95193.83
2017-07-21,PRODUCE,110555.16,109677.55
2017-07-22,PRODUCE,130700.71,134792.75
2017-07-23,PRODUCE,146226.44,156793.67
2017-07-24,PRODUCE,117117.15,120406.6
2017-07-25,PRODUCE,115457.71,122811.47
2017-07-26,PRODUCE,145917.94,145122.66
2017-07-27,PRODUCE,90481.34,89661.32
2017-07-28,PRODUCE,111948.9,107552.38
2017-07-29,PRODUCE,131988.73,131475.88
2017-07-30,PRODUCE,146045.83,139676.02
2017-07-31,PRODUCE,121885.62,125439.02
2017-08-01,PRODUCE,140895.76,141504.67
2017-08-02,PRODUCE,168636.39,172028.36
2017-08-03,PRODUCE,96779.97,98490.9
2017-08-04,PRODUCE,112283.28,111278.07
2017-08-05,PRODUCE,130624.41,149879.94
2017-08-06,PRODUCE,144455.74,151281.2
2017-08-07,PRODUCE,114001.19,113875.4
2017-08-08,PRODUCE,117100.97,121738.32
2017-08-09,PRODUCE,143806.12,146798.6
2017-08-10,PRODUCE,90194.36,93547.8
2017-08-11,PRODUCE,118738.15,111236.73
2017-08-12,PRODUCE,111788.38,125720.81
2017-08-13,PRODUCE,125923.83,133304.3
2017-08-14,PRODUCE,115257.63,111960.76
2017-08-15,PRODUCE,125108.97,131904.25
2017-05-17,SCHOOL AND OFFICE SUPPLIES,215.0,462.37506
2017-05-18,SCHOOL AND OFFICE SUPPLIES,154.0,191.64511
2017-05-19,SCHOOL AND OFFICE SUPPLIES,105.0,145.0706
2017-05-20,SCHOOL AND OFFICE SUPPLIES,142.0,201.96115
2017-05-21,SCHOOL AND OFFICE SUPPLIES,255.0,307.93512
2017-05-22,SCHOOL AND OFFICE SUPPLIES,112.0,148.06956
2017-05-23,SCHOOL AND OFFICE SUPPLIES,129.0,65.34479
2017-05-24,SCHOOL AND OFFICE SUPPLIES,102.0,89.38076
2017-05-25,SCHOOL AND OFFICE SUPPLIES,92.0,47.900288
2017-05-26,SCHOOL AND OFFICE SUPPLIES,148.0,92.90691
2017-05-27,SCHOOL AND OFFICE SUPPLIES,120.0,169.11961
2017-05-28,SCHOOL AND OFFICE SUPPLIES,201.0,151.54967
2017-05-29,SCHOOL AND OFFICE SUPPLIES,120.0,100.595146
2017-05-30,SCHOOL AND OFFICE SUPPLIES,88.0,86.37312
2017-05-31,SCHOOL AND OFFICE SUPPLIES,127.0,71.61469
2017-06-01,SCHOOL AND OFFICE SUPPLIES,96.0,84.24483
2017-06-02,SCHOOL AND OFFICE SUPPLIES,72.0,103.462944
2017-06-03,SCHOOL AND OFFICE SUPPLIES,138.0,125.022194
2017-06-04,SCHOOL AND OFFICE SUPPLIES,219.0,152.53647
2017-06-05,SCHOOL AND OFFICE SUPPLIES,85.0,105.385735
2017-06-06,SCHOOL AND OFFICE SUPPLIES,63.0,41.888115
2017-06-07,SCHOOL AND OFFICE SUPPLIES,95.0,33.911472
2017-06-08,SCHOOL AND OFFICE SUPPLIES,60.0,25.301262
2017-06-09,SCHOOL AND OFFICE SUPPLIES,68.0,17.942509
2017-06-10,SCHOOL AND OFFICE SUPPLIES,117.0,93.38937
2017-06-11,SCHOOL AND OFFICE SUPPLIES,162.0,123.829285
2017-06-12,SCHOOL AND OFFICE SUPPLIES,96.0,65.91032
2017-06-13,SCHOOL AND OFFICE SUPPLIES,72.0,15.862629
2017-06-14,SCHOOL AND OFFICE SUPPLIES,60.0,10.313717
2017-06-15,SCHOOL AND OFFICE SUPPLIES,75.0,-6.215808
2017-06-16,SCHOOL AND OFFICE SUPPLIES,58.0,43.52335
2017-06-17,SCHOOL AND OFFICE SUPPLIES,81.0,87.680626
2017-06-18,SCHOOL AND OFFICE SUPPLIES,110.0,62.534035
2017-06-19,SCHOOL AND OFFICE SUPPLIES,77.0,18.03047
2017-06-20,SCHOOL AND OFFICE SUPPLIES,68.0,7.3725867
2017-06-21,SCHOOL AND OFFICE SUPPLIES,51.0,23.93409
2017-06-22,SCHOOL AND OFFICE SUPPLIES,55.0,5.7653594
2017-06-23,SCHOOL AND OFFICE SUPPLIES,51.0,64.20675
2017-06-24,SCHOOL AND OFFICE SUPPLIES,90.0,87.82816
2017-06-25,SCHOOL AND OFFICE SUPPLIES,130.0,61.508217
2017-06-26,SCHOOL AND OFFICE SUPPLIES,79.0,29.96826
2017-06-27,SCHOOL AND OFFICE SUPPLIES,38.0,3.962717
2017-06-28,SCHOOL AND OFFICE SUPPLIES,76.0,19.107775
2017-06-29,SCHOOL AND OFFICE SUPPLIES,51.0,12.852605
2017-06-30,SCHOOL AND OFFICE SUPPLIES,62.0,46.864887
2017-07-01,SCHOOL AND OFFICE SUPPLIES,77.0,101.04649
2017-07-02,SCHOOL AND OFFICE SUPPLIES,153.0,16.743143
2017-07-03,SCHOOL AND OFFICE SUPPLIES,72.0,153.79662
2017-07-04,SCHOOL AND OFFICE SUPPLIES,93.0,17.194391
2017-07-05,SCHOOL AND OFFICE SUPPLIES,68.0,76.24429
2017-07-06,SCHOOL AND OFFICE SUPPLIES,67.0,17.191874
2017-07-07,SCHOOL AND OFFICE SUPPLIES,40.0,5.250112
2017-07-08,SCHOOL AND OFFICE SUPPLIES,77.0,59.93084
2017-07-09,SCHOOL AND OFFICE SUPPLIES,117.0,39.29143
2017-07-10,SCHOOL AND OFFICE SUPPLIES,95.0,12.114734
2017-07-11,SCHOOL AND OFFICE SUPPLIES,57.0,49.038918
2017-07-12,SCHOOL AND OFFICE SUPPLIES,53.0,2.975987
2017-07-13,SCHOOL AND OFFICE SUPPLIES,64.0,-15.254368
2017-07-14,SCHOOL AND OFFICE SUPPLIES,35.0,2.5962114
2017-07-15,SCHOOL AND OFFICE SUPPLIES,62.0,35.51104
2017-07-16,SCHOOL AND OFFICE SUPPLIES,121.0,54.22632
2017-07-17,SCHOOL AND OFFICE SUPPLIES,67.0,30.298586
2017-07-18,SCHOOL AND OFFICE SUPPLIES,54.0,2.7507591
2017-07-19,SCHOOL AND OFFICE SUPPLIES,49.0,20.6939
2017-07-20,SCHOOL AND OFFICE SUPPLIES,100.0,7.5513844
2017-07-21,SCHOOL AND OFFICE SUPPLIES,285.0,74.19122
2017-07-22,SCHOOL AND OFFICE SUPPLIES,294.0,166.56882
2017-07-23,SCHOOL AND OFFICE SUPPLIES,356.0,157.72739
2017-07-24,SCHOOL AND OFFICE SUPPLIES,192.0,324.61032
2017-07-25,SCHOOL AND OFFICE SUPPLIES,174.0,207.38696
2017-07-26,SCHOOL AND OFFICE SUPPLIES,166.0,143.94669
2017-07-27,SCHOOL AND OFFICE SUPPLIES,244.0,423.90985
2017-07-28,SCHOOL AND OFFICE SUPPLIES,567.0,841.59
2017-07-29,SCHOOL AND OFFICE SUPPLIES,1345.0,705.7221
2017-07-30,SCHOOL AND OFFICE SUPPLIES,2027.0,825.41266
2017-07-31,SCHOOL AND OFFICE SUPPLIES,1626.0,1597.1559
2017-08-01,SCHOOL AND OFFICE SUPPLIES,2664.0,1962.1256
2017-08-02,SCHOOL AND OFFICE SUPPLIES,3104.0,5305.539
2017-08-03,SCHOOL AND OFFICE SUPPLIES,2803.0,1696.4427
2017-08-04,SCHOOL AND OFFICE SUPPLIES,3414.0,1664.7573
2017-08-05,SCHOOL AND OFFICE SUPPLIES,4601.0,2184.1082
2017-08-06,SCHOOL AND OFFICE SUPPLIES,5415.0,2033.1436
2017-08-07,SCHOOL AND OFFICE SUPPLIES,3478.0,2027.5039
2017-08-08,SCHOOL AND OFFICE SUPPLIES,3227.0,2157.0906
2017-08-09,SCHOOL AND OFFICE SUPPLIES,2902.0,2291.9534
2017-08-10,SCHOOL AND OFFICE SUPPLIES,2320.0,2548.0007
2017-08-11,SCHOOL AND OFFICE SUPPLIES,3523.0,2862.8098
2017-08-12,SCHOOL AND OFFICE SUPPLIES,3644.0,3135.6848
2017-08-13,SCHOOL AND OFFICE SUPPLIES,3718.0,3270.7664
2017-08-14,SCHOOL AND OFFICE SUPPLIES,2826.0,2691.894
2017-08-15,SCHOOL AND OFFICE SUPPLIES,2530.0,3105.0876
2017-05-17,SEAFOOD,1195.43,1190.5453
2017-05-18,SEAFOOD,929.61,1053.203
2017-05-19,SEAFOOD,1682.8,1398.3486
2017-05-20,SEAFOOD,1557.79,1601.5925
2017-05-21,SEAFOOD,1764.28,1424.9828
2017-05-22,SEAFOOD,1011.74,1122.0107
2017-05-23,SEAFOOD,1056.33,995.6226
2017-05-24,SEAFOOD,1052.56,1112.2216
2017-05-25,SEAFOOD,962.7,951.7904
2017-05-26,SEAFOOD,1786.97,1883.2488
2017-05-27,SEAFOOD,1386.38,1636.0889
2017-05-28,SEAFOOD,1465.66,1577.9929
2017-05-29,SEAFOOD,1047.67,1131.216
2017-05-30,SEAFOOD,1036.2,1140.1002
2017-05-31,SEAFOOD,1004.11,1078.6082
2017-06-01,SEAFOOD,1005.68,1004.7236
2017-06-02,SEAFOOD,1359.9,1695.9395
2017-06-03,SEAFOOD,1231.13,1509.5223
2017-06-04,SEAFOOD,1516.78,1535.8368
2017-06-05,SEAFOOD,1055.63,1110.6542
2017-06-06,SEAFOOD,883.13,976.6041
2017-06-07,SEAFOOD,893.68,952.6125
2017-06-08,SEAFOOD,715.83,884.52014
2017-06-09,SEAFOOD,1187.52,1103.1534
2017-06-10,SEAFOOD,991.06,1366.2883
2017-06-11,SEAFOOD,1274.43,1358.2949
2017-06-12,SEAFOOD,733.05,1055.1797
2017-06-13,SEAFOOD,731.42,801.5451
2017-06-14,SEAFOOD,853.08,802.47705
2017-06-15,SEAFOOD,677.47,828.48676
2017-06-16,SEAFOOD,1315.64,1220.0734
2017-06-17,SEAFOOD,1303.87,1263.279
2017-06-18,SEAFOOD,1091.33,1372.6176
2017-06-19,SEAFOOD,936.02,871.728
2017-06-20,SEAFOOD,937.16,867.58453
2017-06-21,SEAFOOD,888.85,905.2568
2017-06-22,SEAFOOD,792.12,859.33295
2017-06-23,SEAFOOD,1297.55,1367.3278
2017-06-24,SEAFOOD,1325.61,1327.8212
2017-06-25,SEAFOOD,1492.48,1272.1206
2017-06-26,SEAFOOD,977.7,971.9721
2017-06-27,SEAFOOD,907.98,895.2754
2017-06-28,SEAFOOD,920.05,891.65717
2017-06-29,SEAFOOD,697.52,871.28577
2017-06-30,SEAFOOD,1372.55,1139.1945
2017-07-01,SEAFOOD,1627.21,1739.3108
2017-07-02,SEAFOOD,1807.16,1387.9436
2017-07-03,SEAFOOD,1207.1,1136.0541
2017-07-04,SEAFOOD,982.08,1013.0636
2017-07-05,SEAFOOD,1077.85,1014.9273
2017-07-06,SEAFOOD,856.37,951.5771
2017-07-07,SEAFOOD,1445.43,1201.3661
2017-07-08,SEAFOOD,1300.88,1475.0524
2017-07-09,SEAFOOD,1520.02,1545.321
2017-07-10,SEAFOOD,1087.48,1058.8008
2017-07-11,SEAFOOD,880.98,917.57904
2017-07-12,SEAFOOD,910.02,963.9353
2017-07-13,SEAFOOD,763.17,849.6864
2017-07-14,SEAFOOD,1168.72,1033.3722
2017-07-15,SEAFOOD,1116.87,1325.5261
2017-07-16,SEAFOOD,1413.88,1371.004
2017-07-17,SEAFOOD,992.85,1120.7098
2017-07-18,SEAFOOD,888.23,878.95654
2017-07-19,SEAFOOD,888.54,950.0107
2017-07-20,SEAFOOD,832.5,865.52356
2017-07-21,SEAFOOD,1279.62,1256.7216
2017-07-22,SEAFOOD,1237.13,1227.7798
2017-07-23,SEAFOOD,1336.14,1399.3125
2017-07-24,SEAFOOD,995.33,1091.5231
2017-07-25,SEAFOOD,842.13,957.68994
2017-07-26,SEAFOOD,839.68,891.71625
2017-07-27,SEAFOOD,652.06,872.42834
2017-07-28,SEAFOOD,1307.98,1150.936
2017-07-29,SEAFOOD,1297.51,1341.999
2017-07-30,SEAFOOD,1379.63,1414.317
2017-07-31,SEAFOOD,1106.38,1038.1677
2017-08-01,SEAFOOD,1098.74,946.18665
2017-08-02,SEAFOOD,1123.28,973.3202
2017-08-03,SEAFOOD,924.3,905.2275
2017-08-04,SEAFOOD,1379.94,1149.1447
2017-08-05,SEAFOOD,1307.33,1427.6387
2017-08-06,SEAFOOD,1269.71,1320.2936
2017-08-07,SEAFOOD,994.66,1044.9359
2017-08-08,SEAFOOD,997.98,945.51666
2017-08-09,SEAFOOD,981.8,981.6566
2017-08-10,SEAFOOD,717.38,895.675
2017-08-11,SEAFOOD,1272.6,1522.989
2017-08-12,SEAFOOD,1028.02,1304.2866
2017-08-13,SEAFOOD,1118.08,1104.9053
2017-08-14,SEAFOOD,970.66,827.80707
2017-08-15,SEAFOOD,970.18,919.19855
